Colonne_1,Colonne_2,Colonne_3,Colonne_4,Colonne_5,Colonne_6,Colonne_7,Colonne_8,Colonne_9,Colonne_10
9Yèdt1O/OM,,kn3tqcdJtU,40856,û7iDaô4Vuf,14626,tmZK\I03Gn,N/A,bXVéGqaèàu,52448
sàrânNPeDI,95505,frùZIçVyRM,90994,5yHmNeDsvq,64564,LfèlAwKàZà,76616,fOèD/é3êWç,75807
ièî0hR0NQk,14415,soxéOçOolé,52004,0v43y/gBN7,22856,ndEgrhBLpq,82124,llTZykémeâ,97177
YbbTy vkrz,7791,hvMY hyr\R,56725,S2méHeBkê7,97843,2AéqqiI0nT,75141,JdlNFvYFIa,86017
 ôRNwàIAiX,62892,Cxaao\êimX,,H/w1te0SLç,79520,9êJysD S8ô,1070,Za/tKovX H,error
PbGFaUylâg,11384,îûLVeKSvWè,16850,i67SXèa7lZ,49039,zChkZrWQEI,61367,pjb3/ûgFph,9772
zOjvZRqzn5,7940,eCmjSxàcb7,74236,pô1îsHe uù,55382,x83PêMw/ u,90971,kûln5khrIn,33032
à78Ubgjib6,92799,pj\wa5Yi9h,89723,ô3P9éETûèq,93287,mESvKNZà3w,21788,TêBzx2T/1e,3952
dâû2sKP9Ur,11581,wktS9çazWH,N/A,yqné2kMXFZ,,rj9î cDZ1Y,31468,N/âF8fYûKs,62317
pfIwkcLXRW,94689,8IxFrçmêûC,5849,îy\UvH9WcI,9783,àWê03éraCù,12093,NC0bo6m4BB,2682
8îSvù4\MIK,53181,2\QaOhjYZR,N/A,xLi7YSXs77,83160,Ct1lôVàKûK,57165,c/0vHîOCCd,92707
1Bloddté8ç,28437,VhI9tEyEîO,86436,qQLNgbAktR,19841,R8FZm2wgyW,65345,GOFbLHZg58,53452
5çgôwN3EXy,51007,SgfE61wt5F,93418,iZsM0éQEàû,36535,î3BIcpRbéû,60213,REGôcGJrfJ,45646
LL0SGwzXuf,63257,làUHqe07FG,35762,5YUHuYwnjN,75887,ùCMbrKfTLj,25615,QôRêkwCDqM,26945
6jBûckrxdç,55823,iêfçOâùXzD,51315,hDîcmF\ààw,73064,ôè6sgDAîhû,69235,mTTSgyUE ç,23178
1yl m2YvzD,18997,FAnu0làmDû,371,z0mx5xG33è,5087,voCéçMf\où,error,hDLM40g7im,45691
Qù45xàeA39,80688,èmîf28z/qB,23690,ôFktXDxwyl,57494,InlîAA3QAJ,23207,eu8jùé8W6L,71707
uWbLàoJ0 V,34614,ôbJ3uE5éEN,21540,GmsS9fi\çL,10997,îâbt yWonv,96636,2qvAîvûqOi,85820
aYôFVOLsC ,79697,7SarjhdKF4,70571,çîXêYW0\Eé,64607,bGMSggAU6Q,82255,5igBaiwCZé,64229
ûvyùècùêI9,74814,ùou2aeYHûL,3624,rx/àIS7V0P,95600,ARBD8ràA3A,18619,O8t iwi/TH,56697
aJsqgw8éXô,N/A,âGSCLô90aV,14611,tdb5bâZGnA,42988,b3b2âBVRt8,11256,ùàdMoPIbhD,51702
YIèvUM7/M4,90956,GrISPG9Lâw,54925,qI0LêAK âW,82593,GDîlEzsUnn,34801,nèYxûcAW  ,76903
TBKI/ORZêj,46012,XIjxâtSBYL,90078,Nvp4EVTàHà,38851,éêYw2e/BoV,67784,/VWKWfVswz,86822
béM qPrZJo,80608,VKNQâ9JyoQ,99139,YXW0rCSaîv,90587,éâhiûQzR91,77760,PtCàyO1Lùx,76556
S/Wka74OWx,30889,ôU5hSvUR\5,77204,eNîqpèèîOâ,80175,gWtGC0JnCh,98608,3Ri3FSXY2r,59008
êWpA\C7iVt,46736, I\bchJr7î,62600,rlSg7RùuRy,3215,17é CN9oMG,71985,q5L2qfQA\a,38838
J9xèèEqCeb,96338,54\ipînICz,64025,cgWG4r5çNP,42390,8bu4g/PdQê,57755,jm0éEzûh4n,66676
çbWM0BiàST,22511,NN11O8BdWè,14442,ûosPlùaTgh,7499,ùJ3CoW07D9,14394,\g9éDT1urk,52877
èXavVpùMâè,25786,uInzN66f5ù,44651,v4o3éYXijC,57064,S5mbFùOA H,38565,YESufvo 9h,78165
1ZFuvâIdvn,95799,6iFaHDh45w,68600,Dâ0e8mEj7N,69062,ZFQJjnLBd/,46326,Rzùôôxhoôù,66069
V4HHIIUoS4,88731,êamçîLCjAK,6649,0AqJdKQC/w,,nI/hâ5ôûç9,error,M7Mù8Jq263,78978
3\zRCibdêî,86186,ôwuàMîf2MC,46846,s0tkçao4Go,92177,jLfiRuKZ9ê,62037,LZrDySh299,63553
eq360CXVF0,39586,XWFlLwô0éd,69209,2ZrP0fôfêo,75161,xNREKêS05f,error,SLif1XYiéâ,59244
4E7/ââèéLu,31922, yêéxê9re0,95256,éF1CUlL5mN,73628,JAVhUCçèfJ,36234,aEAG0E\Dji,29774
Rqdq9hWDDZ,60606,RtFg/2sJIa,12762,pyMHcP631w,2189,UAkLknNKKô,30422,Gdiz9êMh\o,59983
nJM/q3B2ûD,32931,dKUqùjw3lù,43478,1aCMfvqçùz,5369,ôVfEmUxFFK,57554,HBoIOmXnpb,9277
XUCz/YYxrL,41921,RDbùè6lqtU,73231,N0K2ê94orK,37891,UyhbIPopkh,95966,UJ60jé5q6l,55603
T\X/aao0SG,54896,KAuyù7Yéax,21968,LIe4ûYNp0r,21408,êueYpnKEPg,54983,Lxj8FBmèyH,42672
zcôôéJ8câJ,120,yLn\dRùBAé,44649,X4ôkrçqzgb,37579,MI MXpQbEU,11557,kî\X/woIs8,87026
cnK8afVkîL,62338,5cPrayp6hç,56879,cDEéTCtçjB,70695,XKUGaèTSpH,43641,PUydUpyréK,error
u Ners6VçQ,71580,à0W8KâZW1A,15665, rNèQbZ4XV,44679,SCeDâàO5 J,42354,rSmà/WAWpZ,N/A
unqûPbX2ùL,42276,9kU3u86ZPZ,37273,IjZrèqr1 z,32871,fRcXh9à4Vs,65722,a1MzèkêL\1,92612
0AnD7wvILO,61528,KFToShVêYx,57716,\çùHçVqPRI,49456,iTfqiy\ùPI,41591,ISY\zûkO73,26578
1UûàBbxYiC,88958,àmk0PnDzûd,64421,07aàE4U06b,80304,dW\mzeK7Gi,71764,\YéYî5f/\7,15659
X9MàrUo5L7,3319,9/TMèo2eu6,81501,H6elvgaaAM,23364,kêcUèxqôTn,80719,PwTSoi/wD ,38585
edGwèc5M2k,37913,G5kêRY17ôE,30644,â3kéaIbBpç,96625,é 2ûLûVlrO,33367,XgLuèFnwpi,28065
ù7c\dfAFâS,85653,UH\PaTpKè3,67455,FCâdâ2s6a7,54775,OqmUgOsBZ1,4026,KTWmVMEôjW,2459
hkà3\xLM7a,79389,NP0q6ZuUgD,50710,EHFwhî16HS,46491,éBâ1jùzNn4,5673,H7HaXgNdxb,90802
bSRodHQ2qK,17515,Tr8OsQîCûx,58547,î\kn75eOû\,65882,dW/rê OQQa,N/A,9/5HâtOqtâ,58605
ObDèèiEMKô,43941,9G CRBûeX/,61652,çLJMapURAs,18984,0qBOI7cyçî,25494,â8Aêérvm5O,N/A
ùfMX P58EV,71354,fj/vjfrçNl,45587,rUMxûOFâD8,87649,EeAKEG\wLa,45923,êGEGîûçct6,83471
1ysSCaNzKi,83259,35çsUsHèV6,15428,mfEmEô5ôez,33617,B2ùAuiFczb,31985,w25oESàUé5,81824
XKêçXr8ôip,91381,7Urbu6J14Q,79773,/58bDgqRûg,52740,uo6w9/zRO0,94746,QlL6rjXvGH,72369
iYfwîRBZàô,2570,8FJXkILHPy,63051,AlRQ95WçEV,7514,zohqed1éQu,12804,vç7àxeQUù ,13053
63IJf0sWaK,90648,2j7RRT9Ml3,60106,v06u\5çWUY,54096,eHIAùûBzvb,92844,zOaFKT\XoS,85330
OMzIlù34éW,29949,êFaFâ9X2Pq,58686,8Faûîa4AXK,16405,iynl8dNôK4,85446,sMîMo1OvxY,19292
2uu5âèwrMv,94676,Rxuéiçlâ0a,55042, 0oNkY7Aêx,54958,c5JHjNZw j,,ébVBôY9Bxj,93547
iLGîPY5Iîh,63459,mlîâZèwb1h,57734,v1E0BFzQnA,55698,t0LêSuté37,53326,YVsS0çXpiN,84019
Bç65zPx9Nè,98502,fV 1wt1MkT,59250,RJ6isOoéqZ,29828,ûEJenX1Réê,299,yjOQNwRxjâ,35368
bâBvLmz23û,86383,WsxodàôLRâ,41601,emôîR0YgiX,84950,2dj7uiBSb9,4836,Gj6IBSàCKe,27726
kCcVRgWêzQ,5533,\4yLôA/UBî,68137,wêeIûcTKyX,1508,XùpQRçgEsU,17540,7EKDUa/gùs,47687
ôrkzle5v\0,37444,deaG1gdmlà,95315,4îuT7jpE59,65917,jNpéDevw2n,60717,feôMMîi/uU,60927
x9/R3RyW\8,43252,xèXh7JNJUt,12213,zbvFtvéSgs,58449,xwrSdtX4Tè,80022,ziFçsZ1çNO,88565
1GrTI\iCâC,75892,HXN69aw8OB,37550,éusxx22c37,3574,àadçen6B1P,62055,1vQ1LZYpR\,18598
êyvMqRF834,98489,1vbRV4V35e,67549,520ç8geycE,22913,ODRgyû240a,88493,3gr\OVd\dD,90410
yVk71nc6Jû,30744,DVû6vZTaRL,47884,7è9Fkà2àjp,10264,B\QpêUuiûc,73183,êôeîVMCéêc,61063
lHWg9oùWbn,72098,Ign\êHyBuK,N/A,çg3Evio8i3,5827,êUiHiEWc 7,34638,P2Gd34àSâ3,62188
O8OêJvQwpA,38483,mzVGl â4UZ,90666,rZsôSqîHAè,2141,érri/j3\oY,97500,îkçaNM36Aj,4227
MRkNTbPyr5,82686,aûdsZéo7Im,18020,0OcR4NHz1\,24445,àRUUo Uhcr,82949,nTInQ3PYéc,1554
GV/VOQz2gk,51312,9pc\TDau7s,50754,\Rd1AS5ASr,45491,1aF7/Tcê2O,15927,Xth4YdeOTq,52529
w2RD7ô z0 ,N/A,rCTUl81 Zô,74283,Gozl8W5Bbh,5004,A GHTbbC P,56766,iXIEfçQSsZ,44167
eAkfûHsPsz,5434,85sùs/fIDT,14219,FkD2Yêùw3F,65703,ùefHjCQWLZ,25047,BDUL11\a27,89268
iEmrUI2NlA,56547,MqezbKhMMc,34633,E9IdeVê5Ià,74300,û p zcziXu,8557,BwyçJp \X4,5566
59S5îtçUiA,38272,b7àwhEwtRL,6274,qDepjqéâAn,4553,CazJlà0éIL,64011,SûFHipS\r8,77695
m\LîZ9véN0,25548,rPçMmL9J9H,55236,îtRM0ZOBmQ,73665,90Jbcié2bà,58241,é4664fYùRR,45565
mI1èEx6Aé4,52841,apurèîtPXk,5381,tm5ZTQBdEâ,2254,g\r75gj/cy,N/A,olqLgêfBYc,20412
9CtVx67fRq,63006,2UzùêxJUNx,22461,b9T2éNsx0â,79741,ûu0J9PG4Z6,84297,FgxQQcGS74,
3oçaEçiéIv,90175,jPO9LCêJ\û,71304,BQHVViûy2i,23336,fùLêêêcê2h,N/A,wxk pk6ùyT,74120
QèWRânîwqa,93864,DGwRWptswJ,56763,lRnEBNws A,27530,îôH6vêgJhB,47369,BxPàVjiNHb,78894
zeZZàB8îIâ,81612,KâwC\A9x4ô,2288,éçàyôFû8èp,34479,ZucY2 îij\,64399,nrW8\wKâMX,25116
M0fMjUSUàf,95107,î7\UzàeYR8,33643,nNj1XjOMv8,10049,DJ3BHàjIçF,40353,ûk74rInWdU,
FN5q4NWzUJ,51713,Aâ6àjyaUô3,15361,îSJyjr5CLû,52989,wfOâùxHçWf,30023,RiHHh/cô6C,24222
lWA9EéZdâP,38594,pôAôêùdBêg,55105,Ikéw5qytDH,11357,c7 VséFàjV,10473,CI8ô a2ZaW,57053
ùZSâB5yV5o,17272,êRxéNlcg5E,95198,RL2TQiLDkE,99027,ùâFBQtzLhH,40115,JaL94ûîmEw,60122
w6XcAûnLlî,43013,îPàPI23îmQ,33621,96hSNOJjuB,30389,XG0dPSaçlE,16209,B/mOMXkWS ,19688
E géfù3xTb,68756,ùçùoèqêHFâ,17074,GtéJ7h7\t0,4146,LTuaoùfUbe,49872,WzNaU6Yçb5,65200
ù0P6FC28çd,12513,\îjEPFYxjd,67403,v9è9r9îHz6,10949,ic 8RréèFe,41262,pGjVnjl6Go,94420
MakR1A4âat,78814,5zlfcIBYcT,9424,p/Qhpâe zu,56706,WûmYMMkOJR,80600,u\âEIXmvy/,13708
j6NéPâFWJO,85395,8aSUThnMàç,60779,hsi8Pv32Bû,48828,0Ku8X eûCâ,22662,y9cDj6sfbY,27766
OaAèrpôHî0,68897,dC3P3RkGxî,73085,èzG9càu84/,32513,tPCM1lYCfb,29428,0jh2oCWoc7,9040
TgùwfzeâUA,88153,m1NyIé6Ndè,14429,XTARP1O/8/,96813,ùêiPLù9Cî2,15320,ù94mTpRYSH,228
3dvpqK6A\p,44443,0NO3WU7shL,9039,0N8zcârc\6,53263,BO\Cy0C1ùl,13206,uQ2crûouyi,3734
à4fdf /aJô,78422,lZQùQwHùig,87445,x\ekxc296ô,62550,VçVécqê\û5,43211,PAcçNMèàâu,96971
nl3Pçfîuw4,error,JbdîaYQûYç,90223,FzSS4wYSàF,99665,dîuûutZgù4,28897,POGfW3e9Nà,70926
SmûwwGtddx,11169,CJefSéçsâ ,24392,kH 4eMRJèm,34451,Dm4lGdèheW,36606,DhùCdA2A4v,59085
pyhù4bsQvà,58651,àn\a9llèâé,75367,JPgWçDZX0S,,îé\yH QEçç,40657,7Wg6fzgCMa,error
QZcûpT6\Oà,42872,DDTLwP0Nmù,71713,êâOncFèzgq,4971,sDloûQo4cx,8540,PXKxUvêeat,
5XBGGqf99ç,54366,hâspêqwjDO,12240,K1 KNçiguA,90963,\tZxç9côfC,21816,mWyxhI6xaà,29247
Chbsenraèg,9324,ZbâJV2UhéC,68253,YéqofLsTut,82146,èoBTza8CRW,31321,iêâ1qçkç H,53388
J1éfFgmU1x,61195,7TucûuQYz1,88202,îS qYvîDEù,, 3hèAjRôwi,62103,âawHEèpejQ,70844
HvôTùg9uaD,93660,5çm\J5XG03,error,ceuUfU2PGz,63554,Dn0Qhàtl5T,26122,îRLUW6ù4td,24801
FéaDNVPèRO,29803,ù2ô9ES9ùKN,50986,91Uko5dpEJ,47023,zàH6î8Iùy ,error,qkyMdtmjrà,96086
ygbbWnVq3E,34612,3gGhosùàd2,89263,cvGqéê3\g0,16825,ql0LSYwwC\,58467,yèL1ô\677é,80104
lk/êçQBûéy,53635,Y3hGéLXoXa,87460,hèPJoîSpçc,21221,àZ6CùIS5Xw,49725,ûb\MvJêXLî,82291
W/zcsNPèie,22397,5 tySTQfYE,57938,WQé4LûJè79,21348,ZèDINEra64,18936,îh4ntà\è7J,41892
rdAsPJvzçP,69991,PgosîGtNxy,84341,ûYèèFqôGjZ,92636,RgNbm86ûl0,19617,ê6G6ût403e,74585
ZxCNèGù D/,14201,2i BzJdO9S,171,m2WKSékfry,56901,iWBàéT1t6c,67882,TdKxylAîJl,27890
îbrCaYC8jQ,58929,wFgH5imYZk,76996,5JlQâ6jC1a,20185,ûRôùMô0 4O,4612,y ôû5suzno,24293
r8V3ePHneO,30118,âYbVV\JrbT,90507,a8rMTi6 zo,6530,tfBqêPâp7â,21448,MfLKm 77zR,61556
ôâ\dX8AzWà,63918,SUu9DU8c\e,15631,rOhâ52niDû,65588,LabksP3éSm,66609,xCl/06êmQè,74193
G80vû/A9 O,49114,p EâIî4Ax1,66645,rXî/làwoùo,45649,fûpk0PbYmG,77996,Uhm4ç Y8To,9751
GA9Yqrjikb,84669,tMD6é61yXS,72951,îBH5KU6wh9,79849,m8zècmâLWù,2879,B0LsZiTzyM,35172
6aFé4VTUè5,29881,d2 Hhr9Pxn,27663,//TVRXfX5e,59905,R7x4Sê9Pb1,56741,ZylLîù çCZ,96019
kSàé4zE4kà,67054,6D0ç7Hw/w4,58242,éhwTîBChjC,34650,à7èHEûSct/,87449,\GôTàmI0kp,49551
HlY3s2hrbR,45020,/bFXxI0dèô,15506,vôRA08ômôA,46128,xRMnU  êtQ,42330,BE4dOzM3Tû,97146
XHZqgeNjYR,84011,g5wxSXué\f,23388,éçCyTAj09é,68978,pôJ9ûù3NtF,39255,Kbt4àInZâG,34532
éeVA/1a7\C,N/A, y7éutêâbL,N/A,w E//câé/P,56979,ûAjdFnWWwS,95264,ôô7\êlNùîû,33941
9MHù7ùèY2q,72823,FGééDCXQUT,84826,saT4fBte3O,22910,nn G3ééùNi,5832,èôE7iDd0oL,76271
44U6iêiqog,25998,cWA3ôè gç\,26137,vY9eOrPîC5,68487,v1ôEce4TêQ,N/A,0WpKRdUVà7,39737
BToù2rWO9T,32327,àVGefUh4f4,,RéZYzrPUrc,44731,CKêOzd/ôVW,72477,Zd5YI\èrbY,59319
soAYLçùqak,62155,Hiho é5yT7,25006,ê47nOîCeFW,72144,qçBdU9GLAS,43746,612XByx0 s,30154
j8B3Ce4pjP,87386,rC/ç0WWmHj,31652,BEIééûêP8g,77022,0u2spfOâ3F,61298,éOcszîîRep,83532
BgjKOàlHT5,15185,XRUSPlvO35,61347,îDùOWY9Zcw,13641,ETRj84oqA4,37765,âDOymPpRbC,84398
etâc6eèX l,86867,7yXBûQU0ûè,982,1hêLcveGau,26424,cUzFydZbCJ,52949,k1x5d KdKT,76786
zlvULLùC0L,58403,31ùdçTà sV,55491,TM39xuOêOp,92166,Q3LCuQJRBR,36685,ûnAîXcVhçc,37814
écsGdcy/iz,82548,dî1tnsTùûY,69889,rHCS\r YiY,69561,NVwK5P3éhê,error,î2WXèph0i1,97641
héKqhVù97u,60119,ZNE/IwW7BW,25624,K0K/MgZ0éz,91146,jçtb1v2jF\,61162,0Pbà/bîa6p,18493
5bYdZYlj2k,35420,5vîMXGJ\Cî,67427,EPnEsfmc\e,89938,ePTfZ6BmH\,15538,WAwG0Tk2u5,24052
zlxTQbNM9C,88426,7B3qJ8û5dq,,CWîVs1ôcrU,57968,qMmà4XTwba,63866,zFmûrA8m W,79444
hJùB7yyçEN,74160,hqâIuSY87Y,67265,QCeBIwHBmî,97490,szwBaUjpTR,57829,991jùgvu/M,44398
hFêC eàryf,34876,G7ol6OIyvo,89474,çF8AM3ôpéP,89887,èQ889u9Zi6,17552,TIu/I279Ae,60089
fîc5PàîgâI,14445,EO2/m oKU2,5718,PKRebfzOWq,66233,NHr\qèiY5W,18030,hMe9gT lW2,67085
\kék5àduTN,39150,ôjpmjuêx8ê,76908,qzdâDDkVrC,11073,GkRV4KkHW2,17223,GB4èNA0lèa,N/A
GîsoY9nlME,55992,I5kî\\xRyO,N/A,Zw2hteàFUm,48935,écLiPP\êrQ,8335,F lré4âf5û,6938
qs\àJE0kOb,61452,9qç/Z36O5à,9326,Q5KxKéJpKG,48253,àf1soîTpwF,32884,w5bp odqOo,78279
5rzôR7êîor,13709,/lîyT8Bb7K,74539,5eoD/NLîId,7842,cs/WxZHsby,error,6 3\MVw7yU,25914
GMHNhzwaOè,32539,u/zmp0Réjz,52063,ZàQI98Y4Gn,47502,EYeRayçLG\,83242,ôBî3nADIXâ,46183
LZT3SêN3Mf,36661,cQJwPinfRB,99723,RGAIkbTpBu,43579,sùzûKFI7uL,5544,4P1PVOZdà4,199
9B/yzrbrwu,16833,M r7mpjYôQ,44154,UZ6PmSIéUU,3575,Qô\ùBXL5lV,77958,hKkyOâèUuy,82061
Gêièace\4Z,98703,x7maçPh2âu,92542,çGiqàxYô2â,24408,6l6pDAôJaK,14053,OE0m\9oL0V,11943
tpPP\1LNdb,67259,KVZiYèwLrM,49755,hWU81Q\UAa,97594,lSExaX2Qkè,68621,7\ièmMbéèT,67980
yàè\0Z6p1X,85221,èGXéEîrN0L,2195,JeSèéOlpR2,72366,SDvfG0bèCR,28455,H9Ce3riHBa,58264
Vgo fcûPdM,98968,mi5quweVRD,87510,YuVDJj8âpu,8506,11o3Oi9OXg,53558,VKewçUbkW9,10798
mîûHctPKa2,40911,TN3ùO 5saû,97481,IHl3wwSNKô,58358,4êWrâpP4xS,73359,v SlhûXDUA,51044
8\W6Uù4rùâ,36870,snnsqâEPT9,3029,2àJôyHMM6ô,61078,6tn6EIztûv,28558, êcàMèâDcZ,32995
fTlôOEFôK/,28095,qlpLIvkTg8,87629,KvbwgwQêQb,24006,p/FU5KACèù,57448,Zésâ ô7D n,90851
xFF0WzàHzu,17957,eêxK4l3 fâ,57823,IC85bo5EGY,55546,WwpnYG4A3X,37205,QInûo8Hb H,error
OàhU\kqAZw,7208,8jâiù3jôrr,9571,RîvîuT3NFH,30494,èçhFvèWF86,96266,véhçO12F6j,47838
FfAjwswùBF,53897,h AçDTOVxû,error,çù2û46LNhw,69259,F7pQêûèI5b,550,uàuuA1DA6u,70489
ââôW1gSNcS,N/A,çqoôûs5pX0,45856,fdUAgz\xBé,N/A,veF6Mql7vM,5791,kKk/GsfN û,94233
SfToOcOh17,89594,ç l/xBcUxh,82100,7RqcD Durû,,UB1C6KuOkê,34757,KM7GhwFQ4Y,56518
GXZà5UDBkw,29825,puf\POêOOQ,21400,GqQGwùrrJS,88731,e9/VèHêV\î,45204,Jj8KKbm3Lm,
è6ôy26oaw2,39388,j7575âRYOè,44085,aêû1NsCVgw,5604,èêèXHCùpî2,2587,75Y33hWrkY,70320
mA\zka1Q 0,61033,qBHFHA8lYz,58990,EBCYCèAe68,5921,e20OMînaûl,79258,ôJDppwkfwd,62004
ê4E5wSy0LN,55754,kèûpjPgUOr,21953,/mvtSXvRRô,12276,4éu/2Hè3oè,81448,l3NFb6piUî,26779
è çrèvA\cb,3560,ùIQlqkîFKY,29330,xPXtj 567Z,55251,èxytz5âAld,99055,â\fDùijNVX,2145
48oD4y êW\,27302,59Cmcç8Nêm,3134,CzfdVajHXm,77948,gIhXmpô2Km,29205,yd2ZM5ww/A,29994
tNLpW/Oîèô,21378,SjlpHFnYyf,81368,Zjwxlpk fy,59869,XîVééFOP6b,37947,çNèEè4fl9m,83690
0FèiINèxtI,24427,fdxw1rYKD4,14449,ùûGk19èDyc,90932,aY6ywyFQ5M,22165,ùwAWyàh1jZ,5551
wWJYcéSHâF,35481,65ypèiF46V,66093,îX xCçzôE5,3155,yîjCiwçàwU,26691,ioAuyrùgoà,26356
SjiuASq0aX,12488,n6K8Orùéè ,40708,yZ5035kz5e,94915,Vê\qX/2MZP,85054,QêP5Fhêômr,29911
m7AdûaK/yâ,95185,ARpcP Jo6N,20031,âaJhlûo0QD,68332,nKqGâçaEéX,11051,ynnâEzGzB7,71032
BTGàwW38YT,83320,8I7B6F6nsj,84669,0çûUààhayz,74426,ONvûSîW/3Q,18985,94wSWuScd3,92888
Kw8J6UZUME,17833,SîomS1Eçx5,13423,neKLqy8yNF,34981,xgLWlcVkdh,78928,tP4ke0S4uè,47302
VjwDjKbTgz,31208,XeVEPq4d0A,4836,9Kè0muGiJ0,96293, ûIHWH9Hgh,73528,DKyêPRfKkâ,6160
RqatYôMRêi,45224,Cwy4âopàEE,53663,ôiJLq1Dplî,54720,d3îbOîQwHL,34171,RuSEQXLSBQ,23512
SpPx/44Gjn,99880,éx1\hz\2NQ,59705,bCAxWA1osz,85681,EQ5Qi2dQ4I,96753,RUhJIFîdIz,67260
ûvADFN6Goq,55934,tKFYWrf88u,56239,/c/vêqq Dv,69576,Iq3t3rNoaû,88454,7D1LôûabGA,8363
t/OIâkOL L,47871,SpQ6ZxEEkN,59742,YNTOD0GUyB,17407,éRt5ènlO7p,17182,UhHMftQBôd,86222
2Kc4é6/èpY,63909,BB2mrjSUcX,57967,V5YiOoéèvx,75117,3ùDa/KVZaH,90546,USVcK ZMDe,47362
fDfK9èzBûS,39632,cç4DrQa BG,45498,Zhfé5/Wqe6,45137,êGmO6êse0J,39185,DhzUVFV1 e,35772
zQgwxtHNéI,47830,tjaèPWQ5sê,9408,êùpo1eR/TG,82316,mçH 71\k2/,46216,TgWù49\REr,44688
éwSSfsSôwp,49061,éV4IF6h9WZ,37109,wxLéAealùQ,25733,3Mvbê00AYJ,error,rîFjFfCHDm,77552
DJnmgsGNuù,3661,EPSv5cRfêC,47287,KBxhyç0à1è,33120,BdRLâBwNIz,22477,gdtN\Xpf0ô,71806
èjYTPyqWdW,57101,6/5ùksQûEA,88660,lzm4\mxtmv,9950,fAêOlqiOXG,37936,ûvoUXcJNld,26826
CJ4s FZPzo,59454,êqgéQirPrM,59035,SvqLCnIoiW,27757,jicYL5KfaH,29252,0RNZVêVi01,59105
uTéIpmznkî,23399,beôôiéav\ô,17776,ùôWK\âjwvx,81268,DOKéZiûûûi,21002,jgwuWrHâms,86108
OàPxsKEwK0,82843,Jigû4MN2Qà,38589,ôCPîDVjMH/,319,czLGhBfOuc,27848,sâKRtyYùèE,92743
EFGût5tzEt,95623,Gâco5gBn0a,17204,1nrcQrOûuz,6099,MI1YlUBO\P,98903,ZOQbQ0dOqù,62955
hHà3rjALNû,3665,QuZqn1bHcb,14577,UZE31I/HiG,31249,ôvhSGdivJ ,89339,3otîXZsU I,38070
lC113CéYYc,43805,FuD49Y éjk,52639,wogepZ\en7,90783,ôjb/oWgOzF,96849,Zyûvp3EVfK,66791
îPoV3V5Kxù,90273,7RSîDbulqP,97387,1RJMYv3ézô,64463,oçSa27îRr6,51558,adsqGB\L3U,3354
wUGRWWêh4ô,13272,llnmsKGBsX,22141,6LMXpzgZlw,38462,K4ZêuKkluu,51729,bIn6éLc4rG,71897
à4i2tôfXYY,24182,Nyç4FHSm1Y,12749,CIàLptipDK,61834,éùpfAvn2nê,1410,2tlFHYdVûH,25139
lbW/cAûCLZ,N/A,\GMààb ftè,18092,ôEmâKBXWîN,71407,4 HmcççaGy,85571,GFDmN\F n3,55498
çû7èh\EnîP,86111,eàTKZGXr3a,39122,4MhoHt8çgj,84875,\\UçNû\M A,403,9YSUfbs1Lc,172
dNWfZtlAzc,13853,/Ybz9widEn,53294,d EbsnEYde,71604,XK/xIFîpMX,4023,JEskAçp8wB,
J8COIçyn2Z,73366,RBYIP0KO/O,76869,ljIG6mzAFP,51903,mcevOg0itf,81051,itrza/ùiSâ,42454
wik1q1CdT/,20374,ôèJhCnùapR,N/A,ivx5DpBâbx,68958,wZdpOWyrY\,9481,G8/mqj\DU6,89469
QùèSsNSRYU,81615,2zJYHTRàeW,59773,G/ksPw6THp,91290,g\Xu E8g B,29577,TRâbçlJ8ii,39176
oPClO xq2R,43410,xiMeUhQyh4,56968,l/9ctdMdry,79894,OqGPRpVkxg,43652,\3îxyéUZOU,6716
WoOC88kéKC,81082,YaVYyQùJtW,68532,jHtjnéItPt,15539,LT2yûByw/z,error,zQrxKrTûQG,24664
EXKNl0çâgn,36870,nYàmy86Adq,,cq/coXmcx/,8386,B00çAZNLFx,85305,Z8tLPKû2uK,11007
/0v1rvKOV9,87467,SRhhP5YkYg,89402,GtVOôCùû9D,97448,eBç84HjSûs,34757,aEVAEtbçSg,54477
oWfJùvNûkf,37969,pT/aKZ 3ôT,43732,îcFZxtRR3P,84276,p6PkwLZ rn,56635,QQQlcJV\âa,58300
RZhGDSQUNû,26684,BéPDy7Aq/1,99586,ChfhO kXZB,24350,uCLKPoCDôX,49520,5ôIuyçîédâ,84920
fwîpnLYVd0,32834,0hîqX7ibm4,69636, éîç74DArH,18667,SetVlmo0lS,9734,osk3IYVJ0ù,4005
ldâç1 0OLy,75502,j1UêQ0UmMà,65358,axûScM9 C3,9960,0ML6êZSC6E,14972,1è îb209yû,75838
éGY0RwoLlU,15596,q/9  kNqiP,4099,Zr/4dsYa9D,24879,Iî4EMV1LQM,44553,TvX4YltCJT,53702
0qkbeâIRhH,30431,èaen jçn3m,13674,SxGny11èmâ,48051,vsXHcnBPèa,92000,3K\rJêp7ga,N/A
G3èUe\Q QB,77636,7ûiHX4Tçp9,75789,6DâcàbXztA,18223, pot9/AGJj,7907,8uâ8y1kL5b,error
ûpVxvmA045,73757,IéN1j1oQok,error,r/SRGàKfDF,46222,a8rXA BIIP,80175,valchSiAôM,41484
mlZ1îavo1v,54309,RzyAsh\pHJ,72531,dUY èueHàO,15663,1zPKW\W5r8,37957,QFHîà/DO0n,37989
74RhqàaîNy,29554,rù4OSLàgjH,17090,gêXN9apûpG,97459,ôCjRèqeàô4,44532,de/WFxI7Af,43104
ôajhJ6êéûà,19880,UYYé2cIo8C,54754,kWtôDmbF7c,23608,cbE1VCîNYT,20783,j7PhKWRLKà,
lDTmgYvjX5,93084,q7pceNHQq2,72270,103NôqXôXX,88853,Iyva9vo3Fn,33008,IèjRKRDçsu,44967
êOcIPzâBD1,47233,vS7E4BeX6 ,42753,k8qwYxzB5/,87789,RRwYûaEZ7V,21317,FKz BQ4kOâ,68698
fw cPîmcPK,32035,eU7t5NâVvZ,65152,DSneivyubv,17155,mEVhhaVkà2,66485,dpxb7lAM5/,49157
qdlQâZKevV,52489,M301no jBv,36769,Xx hOXQV21,49577,6uRcVQûQcl,62951,kur499Krav,52838
5exT1éjéàU,5574,ONUp3Cn2si,45023,VtdN5P7LFs,69049,oL19pzRoé8,29243,7L1bQU 7fu,4729
îé\PDwpkVy,99525,iYêt0yfB5è,N/A,EKù4A/AVK ,10889,XMcAùDu2ib,39574,ùoXxm4bréR,45641
TçL290tYA2,26179,ksMTD5lpdu,82433,ùâjJGqFUsd,10474,MREii3b4Xl,14555,calùîPZk4q,91458
V4wr/weyA9,16209,wFikVvdvY9,55940,àmbâtFC0aî,N/A,Dfçùmé7okS,79810,èXB0uFàrù9,29032
j6KXFç8ûB/,3276,BX6Y3AYFeù,74774,R6ôTiPafEx,,xûLj76zùC6,67334,2VEoVWXSmO,25357
Q1àI6Y8p6â,47294,4gj7mûOH02,46629,JyLFXojI9K,36871,Eâ7wRUîâCà,65995,AâFJFràpwq,47621
1ZQàbéNEIç,40834,8H hMSéMSé,13033,4vuvôâ0 \f,925,y1O9hvcWKg,,FV ît44uqU,16295
sVCZ8jpcû9,25443,D0Uo7LR99B,61030,1rmcêX4437,60319,VrmV\\PUdb,98374,9XulKP9kjâ,18292
vRGJfçODqR,97357,X1BhSunPD4,54315,0âPîzPCxru,79778,A96FlKHuFo,39870,o hM wh\Sè,36103
p 0f1B1azY,36719,qIoUrz7plf,81524,YXqVçB8yOD,76246,dK40rJ4Sùx,error,5EhqtlBhgç,79011
ççuîuD hbu,34923,ANm x89Môh,86832,yxlfUng1Hg,28403,RQ2fWYHP3T,39952,OSù ZPgNp/,84867
dJc5dY1çâ9,3906,\Xtbmêuâa ,79475,6k6êYf3ùV0,60340,qSjW2iOLFj,50788,PQan3Pçcô/,91325
4UiZrJHâpv,21321,txùtâô\Jdt,99621,7ICCàEu3CB,70319,RBàà\2Uhu ,65971,Jèù/TBm8vâ,888
pFêFe/S gW,67335,MLQC6àCFwh,26752,ùN81cyBvSL,51834,/3A20eêmLT,88411,êbSCRdWq/B,50625
EHVêE\\ONC,error,5vuEqPmKes,3914,lZoaVPHv98,16255,àJEky5CJ/â,29206,UBdàfâWlwG,84071
zn9tWaô8I4,1816,Gpvoe\mEé1,64725,/ysQâixîh5,19050,hFKC9âdbSa,77347,JzOzqNXst ,30079
VMDW0ê/x1O,39452,àxpùHZh2Lu,65862,srP1qL79EE,56979,f\k1MHOô/j,37806,r1SvwoLbql,13161
3skR\XF3X1,88286,JBFzxYK7PY,65289,BVMyYYq/5U,51137,êvBI1gw7SO,61975,IWYW/WxQNê,53288
IJ9834nrlê,51342,zûXrê\iqRt,74775,clpFXjnéYz,16330,WTQR9mBDèc,81121,LUècDbôgkK,37313
/sWj49r4 x,28574,3mZhr Bâ N,72665,hWWJDZàdy/,38098,gfpJoNIqne,59534,NJqbà5gous,14512
J/RJUKc\0F,74420,DIdoK9ùBap,63513,6apP17zuçZ,98292,pW5DTR1XDv,18684,Fà1YIPY0ùE,91853
jJhb47s0d5,62562,i6Cj49Yç/9,19350,jpbmMDJ c/,14715,mOk\odHZu0,5305,ûWDMHpkoeP,N/A
0 fw9tXJ96,40275,A/bO9O0OQè,89096,fkàôqW2rLD,68464,NlI4IKêôîù,27851,j2RFbzQMM ,69816
f1jâzyD2Jj,57143,FPàj06é\Db,37481,\xymppiZùd,51185,BbàâATNzR6,18804,aT63WyofT1,86014
QJQ/yJhçMh,42997,7FzdLHèhiC,33687,SoPJUù1h v,39543,îôO3Wkhç0Q,7326,OlpLYâIyùw,58798
uldùH0dr36,74923,î1lncIGE1C,97623,éêlaUoYM5F,65130,fGSçAjdùPw,6670,çXébeWHl6L,7781
OAWwnioGôG,8506,RG3ê2Nh0hn,37425,pOpRê7OjzC,9184,x8HdàuêvJp,18304,JpIhk8eçeu,83142
êozagbBxzK,60378,céP4Yqsyhh,35178,TôJ6WLuèsR,73623,y67ô4TBVçY,19382,IfMzIlprsç,70412
1ç5EEx/s k,85325,JzZmsQôI8ç,2606, ACMFiyç3o,19318,g9vgFçdi0K,21634,RURD6ç8aKp,93022
ûfCITçRCnX,97532,nbMwIrBRZA,70924,MFy8hùOône,48963,T2 g480uL2,99026,F7DAôCoFGJ,91829
UFàUséOApk,85444,ZGPU816véF,306,hpùTUWDoTC,15107,/c7SwèOC/V,82336,fh09RNxUoF,94091
clc9FcwàVd,41289,lY9e4 1Oyz,30676,îCdûzX âOY,82641,9maK5BivVM,32935,âHêàôCàèa7,71506
O /ZfLKye9,74024,sajoAzéràF,92315,10k vDç15f,99936,3JûO1QilmS,68433,kYô4QâtZkU,error
Eq8F6 KwaC,51055,L6VFùr VB6,60632,mwtFêKww7j,59834,AeR/àèqnPC,,VNéXpàZaT1,73862
kd2rty15Wh,38739,hSdôBôcvêô,13760,qF2kggOw2T,5697,9GuçLPxCc4,83620,\MêVJVjùFL,error
VRmJVe5W2ê,15928,i4IvVnjîêy,50618,D0BèNYVû2a,,RjRéTà70RH,80934,GByomJGDeâ,8570
/YsNTR2tç ,63654,pQhlSbv5eF,11965,éûùI7AjêT1,20686, PgP0g sfj,76468,kg8mCveZRg,10211
jpUqîSSUSj,49800,3qa8QsèaXK,33814,8ù8fKJ03Df,89484,çè6i1kpbQ6,90344,ub6îéXg0Ja,25443
eUgXf0UaNù,33341,ç 8keixAI4,81006,49zJRê0ôJû,77997,Uègû8CyoMy,17388,d5hfIKroùV,25411
PeûMDZoWO8,70628,zôLouhD\vY,42300,jbrè7uûHèè,32698,mUXqK33GdS,68923,YTnkârXzIô,58181
lIw9XùT //,23857,CZE2t UF\N,11629,T6eù5î85PX,69210,âàèdBYxmPà,,RHGKMGTyy\,80406
é3îFèSzusV,66151,AsôîmHt4RJ,27679,2eKxfv6lT ,66983,wp1mkGçdag,79669,uxYu4Rmz 0,71953
q8çwVRKscD,,9\DEMôCFHè,44913,Y8NBf4cH5R,11620,ZVtpZnG4Pg,6045,ù5RN khlSé,58363
4\iù310T4L,11335,68OcpôIvOp,63794,CçiXD9rPiR,66329,SçôulJEu0ç,57000,gDRWz1DçjZ,20769
K3Xâ30\vîè,70260,wQNplDKyxD,91924,NryqKnêl6T,33477,HoB2HdCaw ,58041,8\Qé9/cKK/,
nàGèMdjdyp,73394,s3lYê5int4,84676,RàAXû9R9dH,80786,G 6ZgJC7ù3,20001,û9cYVpWçLa,60468
udh8rJN 9R,75203,SMTOVah3êk,19691,8lèPjwwây/,51559,gVMvqP/tpù,80301,aYéjbOnE17,37139
ghzJD9àôùV,85881,X0ê25j1ûôA,,èk/â4r\5Sc,61958,câJoU9îézM,72233,BsfxBWf9AG,27758
36/CKXJàFq,29299,DTûYzHeEO ,69749,JôcùçQyUôs,58919,y /mVmcâlk,9388,PNûvtA\à\F,68469
hjWJfûâNwP,35249,U\êbX5rSj\,30900,GVGûKvercC,35709,mà4jpH9Hx3,N/A,3\JDGn Wzh,45148
8YvOJ4ôfnU,27294,rrU2péhw1ê,2260,6dUcôéè0 I,32563,KgùzfST âd,62928,VWc2çY8RKL,64795
44793hsôrb,23295,Xd3çde9qJè,98430,àrDxZSo/za,44027,Kvug/gûè/s,17071,JMôX\2UNzt,59364
y/ùEéQMàKZ,N/A,3âîm0NHXE ,10028,qbôw\K9Isô,4286,zgAqGLYcèç,42181,XAzsZ7RLII,53302
Hk3 vrknR8,86513,nsqrTdûB9ô,63496,S6êTylJWy3,69199,Aâ\Aci/fme,57095,â2SkxSV/Th,21060
YQz\W Yjvp,45786,V02î\la\VB,51900,uHkQnoyknc,74609,ôu\oShBAOH,68636,ANpîfnk\OG,90717
a7cçûlBàve,75652,NçygSèûM t,33095,NGB7àEjrôa,44466,3osReatTRi,14649,\Z27Jj6îyS,17599
rKa\fkrJxê,31673,àâeûBerM4y,19060,xçùaz/jbnA,49260,F38QM/3TfH,36769,bkH\W8yây9,88770
HgCê82 bMF,32434,P8âJNbB8Sû,6608,C8HdXèûGFk,27105,zr1KkyXâZ5,80534,YqgEwng1F5,42514
1zYxUjLySK,12745,ylèuh\BiBô,87272,3êPoQVûJoC,30480,l2ûfstH4DM,25714,OxêNIQ40Aâ,38672
BDUèsêsùjB,97067,FNwhRzà7r4,79732,VhzCGefXùS,64460,kq/TX1QUùy,89051,rfsFYMA og,79834
ukmdTâT/kj,15084,wçpkYàQEèY,90626,ôvPâç6nPxh,16473,8FCBîZCd\8,77653,gazflGLcéE,52308
MYaTUOdDèc,89939,n5P7bX1Mky,51478,dàéDE r6r1,55739,U96DL6êé9l,59782,Pw0zRyyHLo,10731
3Uû0mPC8pd,74229,ôyvCôùyûlQ,21418,inc8Mùlè4c,74908,/tléHx5àTq,26937,dJA1F3lyfm,51477
zlF\q/ôôVb,89914,oyè/CLtJJF,59845,5bv3hj5jqs,99981,7tVDIsjsBs,59174,\whjZ\lkUY,57033
Q6Uaçyasê1,64469,d1çîîRjLLh,82134,7AHXYKabJP,72842,cq1w0aOèa3,error,PxShW48Aoh,88864
mcgù0AC4wS,41865,PQU87jIpQb,25442,E9haSnAUY2,31422,a/q1aèx3S ,6201,aoââFyOX5Q,41032
LûNtqp7cI5,73029,c c4ùK9Vt7,21537,X7mm2Eè97S,79476,S OQgûAJdy,N/A,3DCWvmîzfo,44889
wSyZBjvYWj,75683,\ENVfdGUud,77472,SqùkJk1Nôn,1520, kMrmnisfô,17208,VE6àkr lV\,N/A
Kf0D45sX31,89144,S9Za1e7Lcp,42613,h\zê\tg05H,97777,BùwH2âIRUé,21456,MWéZO/8pCE,3924
96î0PgreB6,59802,rLCA0m58Ai,26255,vpv0V6x2Qg,74963,7ZkîqMYHKF,30335,M CUIkû0Gi,61247
îtuuî5RYQx,17727,rYçqZFvkja,error,peàKIôU1 3,15511,ôHlDp5ik1g,95164, ç8o0GQZga,
gj0CvxLoed,89568,hsMQCFd3JK,23265,aâbâFFZGFù,8042,MliVè7én/à,57710,QtTDWàZèKC,63473
qj7éiûesH ,43354,KGèRtyHC3x,61212,yiô5K59cmP,14525,û4cWGZèmRD,93985,AjWù5xC75Y,84212
x3Qx8é0\0J,36271,qWwn/3LnfS,28585,SbêZgFIv\6,57872,wùVKvzMGàK,60408,itQTpVuAlL,N/A
LcJçAeNoèb,88133,édîb1 ulVt,50959,vâmyAéhîSy,59557,ef79FGDa3z,33939,YéOâiêIXX5,31952
8OeFW7cICr,77978,vJôbDiYai/,96773,1àTwdXyYèF,97711,UuQf yîyêN,,CyîmQ89Sw6,8605
DqLhZtpêp1,65426,TyBxéTC1HC,42343,tO73OZân8F,35028,eè6êCmTWmY,31150,BûNè/ZxfaM,1963
wXcCçuçùoZ,44462,MFçs2uY9PA,28669,gUx\RDcHcR,37492,/4înP Q0oo,90016,hnenqà22Y9,29965
JrOOe/éI4p,67278,Rg016û9tLb,8625,f/\eapeeâK,11842,ûAT\tFfiHP,19872,aô1èMwâVSç,N/A
èUJ0VJ2Xd5,64034,m4y2ssCWBw,error,DXJPDxDêIY,20851,6Rx/DzpIùd,11748,\DIIpCVtbU,84265
SWxq6a2NiZ,22824,fHwShGR3iê,52268,ùWmKHBèse0,62246,KNPèvéXé14,35905,KfpEII9GOW,35324
J6YeexjorP,3571,EtBUlpêicâ,71151,2çêctûàYQj,,/47bgsS8yM,24114,WlYpI14UD7,81648
Sd\80Wcrdê,67970,7eûqqInMzo,73016,MpY7\zk3û/,41382,Dt 9 768Hj,69144,u8pff44STc,84193
êJuô4dvmDs,34898,6ElStWVJP5,11603,6ûzC7çHabD,43899,nômçTgyTfF,94271,ô53OâuçOil,90809
AèèyvAqUHQ,30138,èEjGPHnCyâ,88116,mSuzedôIR1,36843,j\aèE\HXaû,2601,kOxîyztQFl,12354
1tûVêjty43,6334,BèQYh9aâèC,29029,ûNâeF6Z BP,92898,êln3sedAf2,19958,5KlwLDDmOj,81825
pJUgçùt 4l,68496,CîzXX0 4Jc,45791,6êRF\zsELD,5813,zNJUHY8dr8,18352,âXphK9èâog,50953
5m7fFîFê63,82180,385yuvUaca,N/A,FxhJûèîow1,59101,Qxà8yQT8E ,44805,érx6vzoX2ê,36746
\/Taè0LùzW,35778,/pà00yûèYk,27256,t\0cg/QKrx,97806,eiK2êbAHiq,13410,8êHULl5xLS,62257
àbè\cTpydD,51227,tcèZKbkn8y,94700,à4qOnT8YyF,71820,UsTunyOMz ,36570,jLLZri RaG,3297
MùCvêjneca,73388,mc9lèKLûàD,30092,qT7ôkâWtVw,37379,GolçêLZç\R,99421,èàûdJûq2Jx,7987
vxGYrîLsGà,93987,bwgWhCvmo9,20406,çê92èUtGb9,61364,1à0bàe386q,60123,Ldnkhd\0âT,80704
xpCKrJP\èk,5969,gcupûT6yws,32572,v àC7 TASa,12046,aMBqU2àmOû,80683,vXMuéGrèvw,71895
7ejT0I0nIh,86198,5ôRByâYéCû,58644,AWY867Ubç8,8598,dftûbis0fè,N/A,Rkrè c1kcà,9749
\àkôSdSLWU,8393,29R9LzEDG1,62116, B2sEhj\SK,10023,nuPLYeexsK,error,3hbèeRpcPu,59948
HJko2G2sZû,85473,çxFBukûcxR,60254,ùDgWcCGu0z,38034,2xoITgPwfe,N/A,oeXcM13C2ç,51124
lFAF3om\j\,31931,sèYGrTà\ys,36655,cNhLcwMàâa,74398,YPWdaAiNs9,71285,4ZYoFéî5çà,57812
znMahJn NC,43078,Eu8ùcZ1zZà,13299,ZlôîyktZyE,31345,Y6rDHDQBaG,44327,CErTipaàsâ,93402
g4gZà1IAP ,70830,àîjûùCDLLq,error,YXé9VFy/87,579,û5vûVàIb6 ,error,Kra/4DùlEe,51445
L4î0Caçye2,27362,2M4Ywi4êRz,95774,çKJQS5cgVs,83849,/MXRRI0Sfê,90647,êUtêêj6X6P,28514
çmçMGBfi6m,error,çlQR8îWG2A,60300,OdeuBôù/ /,6008,Si5zSDtWqî,24310,0CG4QWY9Sy,33353
LdH0â0xCzr,85734,FTI5Sibé1î,44829,QtH/2c6bk4,67709,Chaê6PSqwy,2807,scH7zOgxJJ,72108
\çy4Yp vyM,22934,âewVQGlhùc,58769,jéNFfaGqBh,48663,R bQjT/éZû,15,6S1bfz\tVç,76093
xo19DRQmb7,26480,VûHNkêC6 P,4982,2Ooxoé2iM6,error,68ûPôXQaàp,74631,6wzdwAuâGV,34219
rgIlGDt0nP,57892,rOb6IQ426ô,36387,dQw4çZdC9V,16326,X8YBNgfnKc,94250,jêbéA015Ds,88586
ig7j4oGVûL,95725,èiqUOCèDKp,30084,gIhàGZONb/,N/A,8\yé8kJ5HV,17054,qByWriFXMw,N/A
y6oâôedmVn,28896,çètuvAflFU,47315,eQXB8nwunY,33647, êi77MNH7q,68906,CG5aô4â6fn,1834
9ùw2\Mû3Qt,57660,côxgdSEo ç,30568,SWdBRZUg4o,43913,1ùpsdIùèuT,80987,e/lZp3VXâT,43788
EpâeêqS ia,83366,iWwyXKJtéM,35511,2ûéw95nUyd,18305,ôitXrcùRèè,76353,37ZûgàqâQq,53599
fRIMArqIé3,N/A,pJuahHOluâ,98451,YOdàG\Irdk,58567,D4QdNvê0W ,84416,zGTWkVpb8é,86340
î9ENY n8hO,13309,IwîrVRâKàZ,36647,1uî9Woâ4EG,27073,ALWfçKZR9Z,94827,WG5ytVçfûû,77365
MZh xioç/t,26428,mEiuFlI pè,75102,rrç4éGVSyf,N/A,cEK/z2Yptz,95465,ûvOwâà0Hgî,11461
CD Ki6aV86,11251,o6n31àfrpM,4695,êMnDcu6à/Q,81450,ùàDzûtzJWh,2334,ôâàà1R8wzZ,6428
é T7ôcB3îC,16934,1gkWêuCx8ô,99485,lZh8àOV5HS,16116,piVKL3ûbAs,26362,ZLmgcéiMiO,14836
OVa/RpRIAH,91541,FBCNp7zisD,58320,oqvL3vJEùà,50421,qRîNéAwtXk,,ôb0KqOCX6 ,89318
xîbgGHQ0\q,3923,Ksdzl1F4U7,66712,êsQ24â8ùaê,86716,TNNêjaVQhj,78933,FOàèI6oWç5,64508
K8 SQàZqGô,72036,RoooiRîGOf,69730,pVkoMGvàDk,74219,qSLhnMKymo,2982,h9NAU9Jsnl,20629
L7ùCtCae0s,N/A,îshNY431wV,68606,\BfGz0âçM8,38063,l5çpPEôMOB,21493,ZsJnçVKZqç,86690
Yi2û3iûmmS,16618,UXVba8Zwu5,N/A,gBYwJhosùè,46759,4Zu/VDrOVs,,gqû0hQwsgh,16388
l7ôh9SGâFy,91046,swR7çw1bNâ,94615,9KkHn8CEI2,28181,WWCxyamoHW,29859,\beYP00lKg,
sOjGSRd5es,2784,kxwoOrrYDè,37014,IqXcWêtoéB,,Eûô555eyw5,77154,pDiQtJohz2,44497
Ox3BRydpèY,76000,RWMAUQâi91,74585,ù8g9FfPQTw,3118,ùIHjSxPIw8,96765,pp3oôJcOùê,30121
2E qDbTK4i,38802,E4Eèws7voq,86976,KYNTçJJF0s,56542,IUl6O8OùWâ,N/A,cmCyoâZébM,N/A
m/lNgym2Bè,80349,h1O1KBUvFP,44006,eBcFùBIaL0,18833,b0O5kùUUJè,86266,Eèz\q1JIQX,72645
éQVûh wîlC,54987,KZ9J4KrAkv,99156,kX\\ççrqzR,73849,EâzrcùlsTy,38278,LqePlHbéXç,24924
m 6NCprùur,51972,f7à8Dxb\zc,73612,è8Le3bnaz7,922,nQSC7ycvVè,70192,tX3v5gôlbF,42119
PtHsxF5a4Y,6375,DcJY7ùPwke,error,Hq oUIUdGù,50306,MkgT0cKk2è,82465,Tsx8aqpFZd,25727
ùfPBeqèé89,96709,98byxjiaFç,24033,H9DS2ç00ts,38492, îd\8vbFGZ,57738,ch4 RT1AFM,59640
HXY9YsC3E7,11665,vNWlxQYWQr,99254,K4LM1x3pin,89559,Nq7571flCF,14750,Ghu kùOEz8,85558
Jîhîq5RLFô,915,RéPzPcéD5L,55357,7TâUè9ûùGp,32458,ûâoéuSCJpt,error,5ù3Fzqfm9q,41404
hwûgFLOWO3,43034,kUç3caVMAx,88527,èIVâçXibêS,65620,5JJêRYATô1,28706,Jgc\î\g1êF,99030
ôzêvX\ùùF\,2087,JyQGMTFrxè,26165,L2luPy0xg6,71870,iê T6ôIPLé,94748,l/yç2IJatp,98028
4\EfçHC9ak,21115,fZuçVfaqgX,66153,C2\lVljM6â,77969,i2Sê75TEùl,76883,8EùjaWRûCQ,78022
2x79acM5Y\,error,S8yQoQcuIE,91618,h3MlUYlUW9,99097,4àîâYsXG6k,89740,JAùKM2ffvà,22224
skkeOz/s0a,20673,dâIRBvB/KY,42075,èyKvfWXsrx,42566,7nHâJI5Eçb,17265,AùçRuUvul ,89203
FG9çHg9gPq,74412,\QwéG6D/IB,24781,BozTûz4AêT,91248,6w\bG\F9Bf,N/A,DjwnMmUvhh,33230
SOjY7êùG1S,86123,LVkhéskofé,97940,ljêEôUJ\f5,64717,itAt6bmùçd,66206,C0çê1m\à5U,56644
PLLDawjKlV,33492,aX8sàkQàIC,28873,îçawôG\4Cg,40730,Pghp0E2OWC,64455,9xmd8 WVPè,70219
çR1GeMDr8J,15353,ORj2pré34N,26377,âéwrRmCêàd,39425,slZf9Rus2e,25491,tHyb7KDe4A,64437
R7ZFCNvi5d,94683,ûéçJd1iSQc,49041,JAîx KCaed,1663,SDi2AFVE\ù,98543,ôtoLQMS8KR,61190
3éPe6gOSçy,64116,BMxIpç Nhy,87911,ZTeoIYw\Lè,65965,olhûô6xSbW,30881,CetùLNZwêt,
7H BuKaVXê,70333,àB/9c2sùûo,23257, kCur/xHéR,N/A,bjfî6Pc6Yl,10645,d1vfféâOiC,21212
Fîp1e/KSêè,22485,xA4êBUL1Pj,62517,\îîmIlehQL,83181,5spç7\êfsM,65357,éù3âmyùj93,37863
fFyOAs/ôme,81624,LS16oFf9hA,23727,2ûCéVr1E/U,16124,OâgIzâe KP,84260,dFTVYsyVsè,
BiOçâeXhéL,25480,âé8YWn3àmA,96900,ôùcO2RK\oç,99520,nrK 6/e1êè,56474,uscàM1éXXx,62237
VéCoIpûKùP,89941,RîobTmrA8O,70982,2yuûY34GNX,96679,hYnVcq7vqà,83407,g27CWgI/éè,69296
NànzixbS8L,55749,Ut\ûN2EnXJ,2649,l1IORjUhRo,92842,lèZoêgUTfô,18602,XWGGlègolâ,15699
92mUMiiMWV,90136,6Ggs4Yy6ZM,2028, 76mûmXn1O,32574,20rshmTdzg,48904,0dLvnPBepQ,62150
6/1nIçmyv ,80670,9P7ûîIOsLh,21314,diuII3STrR,57933,PRYxGcsraù,2652,WMVfKG bnd,75651
yo0q2çvVfn,65925,KTîlrNLùaô,16371,B6RpYAB\Iâ,41188,k7kêxâ63nz,8795,pMCid3vq75,3864
6\DRetQBDh,84860,9e0t7SNWpc,49430,07X4zûNM5B,62471,WEçCk4PuoE,58858,r5bIXlUKèC,19732
oCjAZçvkJb,12770,4mCLmhRUPâ,8882,p7Oçdlmbwj,89049,UBIpi6b02A,32053,aàM4fQJCDô,51743
2/d3BYuLbP,37005,x5s7NV7ôI0,52238,ô1â32LkQàâ,63519,43IYnBShP ,65132,FB4vaçFZVf,9516
RjEéàùK6IX,14328,lSUlRlTzuO,10344,x2A4SM/SAN,56557,LLyêjTné0L,61766, EsD\0îY G,25274
A4RK/Z0BF7,60019,kogêYiCyif,49224,oe2JJçpBêB,33011,WFuincvyDk,2585,VrNàU87Ui4,83424
4gû67qitêo,22800,qêFéFsbsMy,41592,L0 dOèQqiq,93144,CJYûggY0HE,5948,èémbg e7NE,76375
cu/P3ByAD8,22546,E/ân6g4zè9,96587,1c2s wmp3Y,25193,dj6wF9qh ô,4960,LJdo\qPohS,53658
Hp7aaEQVô8,89676,U/6aXwEôPû,77676,5yEZQrmIîW,26999,YH4ùQfUXêt,53086,ûq\Vô9L/ ç,70098
dgR5JT23FC,10736,Xsêmî4EZ36,47068,lxôûî6qCI0,42439,nçbqEtEpC5,48483, wHé7 gôd6,58198
uWrSfMKOâv,52828,gOMSBzDùXY,70443,kHLômêvRk3,18769,on0K8BtfxJ,4301,IIRw6J\/Cb,4512
\bzVMçNcsW,2438,ùXèu9lô1Eç,95412,MzûéloàùE/,14513,0\ùmzbèhg ,66648,\3Nààk7bcS,46060
odNtâtP2pw,8348,ASiYVJmOAz,21083,HèfazWt8W/,7907,m1R1çâéfTù,33195,PYw4Aùfû13,7599
VclLcGvJqZ,41948,Xê6êeJzD1G,58365,mENIûa YA0,53441,RpQuAVEmnu,22882,eRuHbjCBfd,19714
1dùHbrPPsn,37205,nswXùûfHrx,39112,hcIZ9îCâùF,58096,cNô/DrnôZq,81085,wvuY9p\ûEB,47357
gSU YxOûîi,21306,wF5i6lw4jb,error,4GWQUHrè1q,86291,CkG6fdW\fV,64508,/WMQrv0èIz,31752
zèçohau93O,76987,Uôu/ûjBN7é,17771,zor8nKfdvç,4528,pMvNçzùF8x,24396,X2Oxr\06ùR,35371
Al xu6OLtb,70355,Gntâo5zw2v,949,DûTgps04vV,22172,Rvû6icNTG8,73502,XN/uQj A2t,54227
tRôTfDg8çW,17327,mâcPex3r0i,40409,gzUECUlBcC,,QYX8éSUyâi,64553,1ç53fèOAXx,62780
y7çxçK4FPx,19686,7CsoNV1àCk,35474, GX7xwCn6g,14405,OI î28J4hZ,18903,hqcnûKukAY,24741
îxcOJ0yN2W,2704,haXog60by2,26269,lyvb6Rhômc,62327,zVçgâfAD O,83035,3tFDwIHgçn,56683
jsépâ3Dd6H,40908,aNDRBOz3 V,7068,CUxçf1mhâq,92359,KçSfUWTKxa,84739,dQ82D93zMK,9543
ê4XwsâDdçH,11835,CtBlCqXOfU,48969,SéEîSà/cêo,8956,fêB8XBôU/â,80649,2Qgfjgâ aZ,14836
ù48ZQm5d2O,89425,qf0fètKzLî,65632,0Ze15ûiXpa,94160,jàûWCsdâhx,10052,XoéFWSDC\L,71087
5rKççOêHkq,82359,âLIsZJrT74,98564,bèwgXhâqtE,24009,èibUSù596G,N/A,ùmrîVhDpî1,76157
5égùIùè\Rc,721,KolenyAEàb,93761,ôXqtpeô9ôR,62508,pd6çs9T8LX,5372,J2haàNoJ1â,29745
héOYwûGI\/,12418,x8soOIMWLè,56854,ZA28aé MBE,79183,RHVûRRUBWz,85499,\jmfô2i ôT,N/A
Duèûn647R3,N/A,IImHmyf\n9,30078,u9V qèfêXY,96263,lVGym8z9v5,74693,Kv03fPrNOC,83912
4dC3vLIHyD,53867,çtàâ8K\\YE,13630,iUéOî65êôZ,68585,2kîcAdLd1k,96554,3ô\7vJyiKw,97283
Dq1nFzAzàz,70788,gyIB3BLHIs,29877,ôRtIEggûln,75227, XàTî2Yçh\,23458,2inelhçv1s,16921
xç6ç3MFqôl,41180,hhMcmqMà2E,20287,0sPâ8lxç7v,10361,YcBrxaqI  ,30031,yéùXxMxyjv,65565
rIPFîI8SDC,53617,ePçn43c6éf,26723,3\stjUBTpâ,15502,rSiMa\ûjAû,30085,VcâxGCvYVo,27720
f3Onn2Y6O4,31714,owapbiRNIT,73388,G0èûçvàQ7y,64611,s9ydAnuBFj,90522,ArW7zVHkSd,20042
QèvàGq\vtè,14714,876\Wè7âûè,10720,JiEJOlBGL1,43849,lHRlgsé9En,9368,r6AonIlJLr,8313
Hzso\Nn0\E,52712,YT6FzcHaRS,29902,\Jh0gzhN3V,93781,ApAIûNè0\F,95691,A0MfgzaXVm,18124
Tfê\qHsvlw,46258,RvâxLrYw5c,31741,MbZaxAùkIL,71291,Wî8û8éxpâP,51763,è63tiSYlE/,58965
NjpoOéMWhs,50617,1sMàzAHb0 ,90387,i\tà3AèLà2,89703,m mc7èmIsP,N/A,wh5Yâ6OlA1,79595
 2iDkcùy7î,62543,CCmèGUkY5ô,94856,4LGGnçWvDV,N/A,IâB9DûêàNI,26418,txôfêt6EzC,47737
MkjEM/K vt,83938,Xson9 vùYX,42766,mUROfUJhâ3,2327,T7mJln11Xà,24346,u\éwî7YCDq,68592
9ooJmzxypO,81499,gbAçèxlLèF,50008,3UkçFêKjOé,N/A,ôXIYxDJàNw,52128,1H q\irL4c,51065
7Pl yFâtMH,96544,DJuTkâXqù0,20614,ùéàBq5éfùm,63677,8îàèWNkT7G,17827,cWâCJiùoLù,4873
AJttSçviQv,67056,0é 41êUR7A,30574,vî9zNb9ngw,13919,wzpyN5Cç4k,45229,NùLoxçXxnn,12059
EEB2SnùkXH,error,GbàfH00àCX,31521,3a2XWegmwl,18838,\ékqQZGRbE,60967,cFXXfLVTRW,N/A
jQa205EwCç,33130,UôvTjqVùéL,N/A,\néùêOtpor,63853,t/afrJilvû,85982,iç9Sît6Vô9,63375
qLeW8dFru/,45200,LUhèY5GexJ,25608,ôTWrgFhLu ,70941,Q1yùgàMXnê,41556,vXG78oCIDo,33668
XTûXîjà/Ys,19567,cJVgVé6A7n,99000,êDjhé9o6î7,32420,8àcFùFIslZ,63930,Q0FfKiHl10,45804
wàoô5rt3Qu,28139,çu1TKz9d\V,94501,rw9saEùaGd,5463,3WLSCçInàO,86532,dvTyL7TNbI,91363
d/7 igvBl1,55175, ûyqVybêXk,69976,7âDUç8lèF1,21078,/yMWJ5à6Aé,81087,Qeo5ûakêj\,63550
RJD1vGzêWQ,13063,côI7îùOkC2,11430,OJQ L83âXr,4376,qHeKhQl0sg,56592,AWfyTIHzuk,58244
HàyPcVçLi7,13808,â/ôêèxgp7û,48274,wafMnLI7ùT,7811,tTACçnGP5e,18538,BUXIuMBDùo,58025
3A9H3DêgRô,71889,s1p6EV9Qù2,78426,JL TowiJ7J,62775,ûIjYmîATçS,91035,zt\àçpUDmr,26885
 F5IçZ0t0a,53285,FXaJé7hùW6,16289,àiXeSnowef,66731,JNF\D1êui2,16669,Do0FjLu Ve,19957
ywhLAHDàâF,61304,Dtùm/ôdN/7,95853,/zEbBhkTb3,82814,imt2àYAébT,41264,xréx9aû6nC,error
M8txYR/dsè,77635,K9X7og9MIf,13177,SM2éDihJ2ç,13882,N6WjûFHLcx,21687,ifi/\/èpcm,29931
ôGCTî6ûibk,61788,ZGntPievGù,14610,fôS3àfchç9,8635,avkE5kgceq,3674,UYoBUMDbOM,47286
èçPNnASiêç,76556,4RWfJWêTî8,40324,/Q4J0zsgEV,10245,w9tRrXffMô,39088,EIAJMU/ôLj,50155
EH1Rzù4mùG,11115,ZBZçyhHcyC,31519,aXObTù9AQy,11496,Og7sVSe00u,98084,gdDl55cv4\,93549
V ûZkêsUhb,66379,oLMGprxzFu,80394,aVWùûa\ zp,91671,ôHR5tKnèN6,42077,VJgêZldldB,53537
JO/0udg2èS,30274,BxçEmâguvC,19623,iîyIçàSçâU,5836,9ùN1kîhâph,16360,i39ACbGdCO,84130
eHâîq66eER,88729,tksbnGN5Zà,84423,pjz7/R8îU5,72518,XcU/cPcgê7,94721,rs3êpEDxZl,88952
yTqBgV4Xxm,1115,6aZeuVaûcU,89341,aQalQMj6eo,26456,AçbATsmequ,,BP8fXF\pKç,67037
Ru7a1dbûF3,error,65tN\xDXi2,22341,méîNbçDhrm,72394,z\Wal /UEr,1440,âbCYEIPM5m,69797
UGJ5Z6cvbp,92003,QdNnUqùV6G,49599,Déjg8Txek4,72513,hG8ZîonFC9,22706,CzâDàd1ûoè,77512
TcIvS\wQ ô,35460,â9rTçd4E/A,90614,eàîGSim5Aà,9693,tèlêPBséf4,error,FMèNeiéWMG,91797
lPyHQFPiép,14268,K\Ly YSsu ,33331,RSWyszFHys,56011,6 v8îTCuYS,34725,çtylSêéTTS,51841
1jj0êQONIù,94764,àRMlôtIaHû,15722,Gék0700ffé,64084,ihqHvûD8p9,94571,9\oûyQKFGO,1471
x6RUcTpgIu,49634,Wluv6/xùCh,23195,QxHEîypSEP,71298,ULa4t5FrMC,,ûZB2IvînQç,15987
8AU7JâBSb ,84803,tB\NEKz\5E,53721,î6kç0Kbùô8,12316,uvgTLXK7IY,,9Rue2Vàgûô,88932
0Oj2XZyêv5,71683,joqLP/Lbâ7,45850,S5j5irh\Da,90244,e0vUl cgz/,51469,AICJ1TcEMu,60081
9tXFèIc2ç6,15630,9d/3EdtmêT,78768,j\MèQLEDfm,90681,cRCMêkkSzM,28715,a0\VGAd3F4,37832
3ùdq6DT0zA,39797,è6AtKrMuxb,91501,çP8DFX218E,97006,HH4rxOHKmd,64496,kUxUçFpîee,70778
 ù2S1 aGBR,44543,Egr9YéQIdû,1861,gD6QKîh/xZ,68671,GW5pp/UFXP,78255,YpàslLtQlo,3804
ô9aiOoKôîr,49459,Msrê1âuàeà,26924,dKdw2îNgBV,13257,3gzVoFZcdF,63784,èB\2aTèM8a,55019
AFméRr87UR,46017,CFGG4VbuuT,16636,BsV\wVêlp7,41806,2HJqôToJ4c,92547,ôcBTGZurXe,4203
oSâcKivôMî,31638,ktO1Nl07Kb,58762,FlA7lnRPôD,64985,dc\u/ôQ8Dç,99940,iXdyHEbiîm,50880
eYmîdwaSWê,86431,VBc4â/EXn/,92679,Smzgd1ECz3,24351,YxèèKg1iZv,8405,c2qédeZXTf,69036
7â3hà/EG/H,8437,zaOc2ôùJwM,94934,fGûeGxqaôF,26617,XG9yL1KFEv,89861,KK2ôàGaeR3,65645
4N5om\PraN,16871,2VlW/IKçcc,82400,Gy/305TZzP,55056,BPî2ZBdNù ,80406,FUEQAl /Xâ,45102
QqHnuS4HtN,79911,âRâ7IhôGDD,52409,jMhzSZdXOê,1291,o6I8bâênah,90361,/iôAub/MèF,15536
mtCzwDLzj0,21210,h5Tàszê5ê4,94950,ép9N9ôhHiO,88857,OuBXJOSvkO,73084,TGcùUAoRFô,12361
Gba1GdéL8w,81190,9LDyèdxeZy,388,8LN2kê9XhT,95358,AYdyq uuIG,2226,nphHrbkwbK,67636
UOûsw32RZA,36685,âTGêxoqîRô,error,\1GNRî1jj6,86654,wTSx1KKoùû,13478,0é5plygMI1,28141
P êuVnkpUS,42884,D6IkuTEs0ù,22183,ôNRôa5/\0G,57432,qSgLûQ1LPP,5705,àdqçaRXCîA,6093
aYgPJx/SQ4,32829,drêiRMzZmC,8450,YAAuUhZhhA,1370,RG4sb9WYéM,23143,qDYhgdxr1f,19015
Ur7No1rEBî,55810,DgçnEôcôg9,94385,ûBglJngt14,18883,zâdsstEôhX,86232,tdVGM3R89I,65431
lBVYKS DRc,36190,6\toFiLBl8,6738,1TI85hêfKî,62603,lXF/J i\Ar,22800, ALsXLzTNô,2732
mèiTgôVM B,6656,2ôlAèiNkQZ,16338,nnDWdFCtHP,12725,fôDFF9F9fû,84641,NRJâSw9Se/,19586
WPZ6zdVMMU,39794,mOôFôIBs5\,67616,zWZqéè\ZZd,67260,g1fwtèTbS0,81368,u4TpIEWrrô,50280
ImXQ7VèK/M,2436,FfM7NûET1ù,3152,wKnr7sYCWb,26513,1rygW/ûVà5,50998,îY6uçNtylM,51593
BçIyûZmNXd,58270,akyp58dtsâ,54841,NfLzânYPàP,7238,yFPàQPmûAv,62101,zSRFDu3piP,68188
F îZo68oj4,23538,fA5qGyêj/3,22044,CIqTù Zèôh,,â/g432HehE,16628,vîxKûmMkê\,52174
KèoRtYiPZh,60308,g/FààgLùés,40218,ûf6pTH2twQ,41594,fBOt4w/ Qu,91227,5Guélâèêwf,26974
ûr0b8âJUm6,22797,çtûO7wn7GD,46463,G1DelUàèWE,,ohç8ùAâfaa,64173,4jsQlsXàjl,99754
BdwQip4tEC,98650,NJz565jTVr,26402,Pnfè1ônRhU,91812,FUygRKCéHU,71822,cèLdjnp63v,N/A
FègYQ5rryç,85804,5xpPvRZôèJ,26570,QIàf1PèA3N,93191,EAî8mTçNhS,30006,\ôWy49dkTb,N/A
RLYVEVA çù,49387,qUa \df1Lu,38914,UDgl/Cu7Il,35220,8OjnljJ4ôb,26258,hkflîG6XEH,70603
EyG4rm csu,28808,çakNVEjiFQ,28279,ilLh Zbivw,32296,DlêMi1nû s,19446,fùCSw o82X,66
rTuc8EçXxU,N/A,dw6DRD8JZz,error,Yp0Sg4tIln,40355,YNôtBwi 2h,99002,TîôCSZôAzL,99062
ô32eC6QiD\,38900,2BâmîwjtsH,79091,yBt95Dvqou,46986,bèN/in8zrm,86207,àPDb14MkAk,
OpuafbAPeu,91312,âT9nB rR6y,32797,AèeCcc4WXè,13605,Pe0Ebrdzuj,55837,wVxîjsèTGn,43557
âJ29a\wZNF,64568,u4cNh3jQoA,49421,é/nbs5uzKh,35262,Xl4KàG4ù7l,N/A,rDIRXIGYLu,39043
NègJ8tWàèS,32709,VGà4B0ù/pK,22982,ùS6V06MNda,20655,ôML1JguvD7,85845,DdbKVYCRpV,95909
yùw CGàRçk,86284,ZlbLâ2BOIM,48235,PêJpà4Yxâà,20630,ZT\PtJwé2X,42742,Dqà4l8/ùrK,4122
hYmBGhWm3N,61731,nxAîAoS1od,N/A,jê9Yà1Gt1y,14581,Dù8ô9Y6q1O,91284,Ba2GqWqéùP,53753
îYôh876UI ,80573,\QnùaSVSuy,40589,WSgnGbLHvî,14619,4gwSHXY9Yî,error,uVY0qèf2cs,53275
fJjPGwdqtU,15500,QYcN2Ond2ô,2599,JYGu8ôîtzs,23332, f9çeYbM9î,1129,vAVEvéùTùx,99885
5q8VgiùXSL,17231,1fVôxCFW \,99949,lOâPE8G6yB,20373,Da0h1/dLTî,,uwf1PpôLôr,30737
7eGuxèSSZ/,99150,GlyâjVKXgû,14791,tZRô mVajM,N/A,iàdNèXKI4Y,89809,LùTsôûNôùé,13995
îr8iM7ôbîB,26810,yOîHWî/EdN,8150,IOùsT8Qwp\,19169,KFUR\gO8fm,98008,RZbmTPblEâ,43868
3wOaSAwX2Q,97105,JKGbbEFUaD,3558,KaNPPôNITY,45174,BêqzvvC6ES,35401,4SNDbYgtQt,26154
Pm5eyh5èfZ,,iNxHêRHQIv,62948,ùdâQA8Wî1M,68793,oUp03ErMQA,87352,AâgùdC6/8ù,64490
éN6RLm0Obâ,4520,IvTprck d/,95460,KEbqbDD4  ,46998,çBCo8Ohdte,94331,à57çùXI YG,52849
ù/Xè//èâDa,87460,/dêbi8hçK8,36237,jUpêdXrràp,36692,NfîZKVLGhA,26635,ù1N0P\\tG2,531
XSô\z/\tkb,53296,gKkD9Ym2QT,54750,y7l9KxqbTè,46687,F1ùJ1pSè7I,75284,SgmQGUHoo0,91168
SWbEhALtêè,69818,QûEA86uY7Y,94083,rR6AEèIaCI,2176,9A2MTei\àC,6135,oméqîGLamé,14122
éûoùm9o8ZT,,yUjfV24yHP,57666,eU8geLôàîs,84438,Sv5pêNnt5s,66472,GZusJ2ûmoi,86407
gIfe9DfJlh,5629,goFP kcçmf,67164,Hig\CKâUçi,79697,WMv êe/qwD,48759,to2BxECDB\,69240
BûYcjVêVèa,71123,bjZQERNjb ,85365,5KuMfûîYg4,40419,GùQuKo/ûgx,,nçY\âZ15gn,6310
2EZRxA3\ô4,58393,PEe0Vfu1tW,49322,qjgKPeô9YH,66609,THYJ54ùûyç,67215,AW0iôulçrT,80240
DEfFçùIrms,81979,iBéij6f976,3724,û/BUFr0/Sl,,G3zEûbâî4N,78500,t2èVQ0HNKs,28167
cdgiDgIA/s,22545,0\aoUZé\eé,93676,ViwW3qèîq4,40913,iûSèPD5XîX,49878,RzlY4jZfôT,34935
HzxeA/èD\a,99365,7VzxpfhhùA,58784,WC1MZnUU2V,28295,obbeWz03QE,89851,x/qC6bfçzm,12502
lExmmudôéA,40406,ûR5ê4RRd1I,99975,y\h3mbéz5o,21719,9A9itNLWçQ,96028,5pcEAKâC8ç,97292
s2xjôb4Ab8,43378,ù0QKDELIkà,72140,m ki5Kpèg0,66933,LJJcTGlh/v,26341,v7lzbHàxéO,19905
éiIj66iMaC,69921,dPFY\Jeeâ2,17586,DxhzUêùxùe,76377,ôDsîQK2 1Z,21016,t6qapiwnbI,67776
aecû9C hêi,90844,qUlî8JPâ t,11556,QHQu2Q6Wtz,23412,wHsD Qpqàf,92176,vglxê êêPJ,69311
cxsPKCS1lW,58529, èôùmkbyUq,20608,WçBZbdpTb6,86440,iyXêêyTèKl,82806,kjkW6NiEB ,45675
7q8Bûvé5tU,99979,wPtsVçMûlL,22126,h6rGlèMmSh,7089,hFqZBàDoOQ,3436, 61A8û8CV/,40585
3VPZùîcrDg,67885,Izç3AB/U6b,69962,uj4CJpOfZâ,37052,Bw/9epû hJ,12446,Wu êuhtNHO,
LpKnojEGêN,6075,pvgrà7Zml4,43141,YèF 4c7S4J,64499,sgiAW9éIAâ,75117,2aVd2SHEVK,38399
GbûZûc6BuL,44051,fowYxQlELz,84797,yEXII8Bmm6,22710,eôFéV2wm0P,38223,lôêéuttOXV,64493
JfOOv38Pjè,69592,Ij52jph5wE,70337,lxçéTTCh39,,P63268êéaC,50359,Zqw4NJmwH ,65388
tgê8édzôit,,N7OoZbcYwA,error,Yk10rMêé61,9287,8H3mrrHyCâ,21314,9êC28êinù8,64372
lmmPzEesUE,9186,âl1BbcihOj,,OSSP0ç3èRà,42104,mMSJà7Njxr,68001,ôcQ93TWîeX,69854
xçEtkCKA4P,69580,y ùZWXmJ7S,99586,ylTh1éSb1o,44840,Wé2LIlqoa ,76795,0y2Xzu2àlà,7255
é/ûgB8VY2R,33853,VO4Cjéhnx1,12510,ùgu0TmOâ/R,62940,ozqV8wôsMê,33057,û6XâOLuv1ç,7518
ncZNfO6hAû,55765,ùe5prCRgdq,2483,ù2CNusé1çX,93362,hVkôgrY0CD,99513,YfCxuYiK6ç,66443
PîçQZ2IùFJ,error,éID6SMéWle,95426,cûaac5P5uS,16320,itx6UmHDRt,64948,8n1Emz\iIR,68441
0IwAHq4Qzê,31410,iILCoB/S4 ,21051,Toazo5E0XY,42809,NsOf5GùûL8,90746,ùQ2Jegzâ8g,17084
3é/qSTgHôN,65703,ncCySHDWéC,69913,XbIlLxzPQL,69366,1hLlL2KûO2,43974,7o9OZflc9M,71775
pQt0h6Nccû,2773,Y6âGQdy4ew,66885,uFfbôLpAYo,65767,GSRxMôN8cb,10044,çgfaQLTJ1D,31637
48MYXRlpNû,580,wws\Qm97vu,80853,uWScxKéBHè,8866,êrnT56V\9g,97939,ADesQz2x u,96088
l9é3k7yv99,64368,é3npoàbeSb,29411,D9Q014Fz7x,87266,oçîèXlLbsY,7295,1cGGL2êddg,81497
MMwîQY6û1X,54140,W0ô6ceZkGù,31352,CIWLCoEomL,96427,d/pô/QXNVH,11099,6vgûF6Dktb,31997
SGêY9ioWaâ,91135,N4h2ddaXVg,35060,Nl/êduâLç9,72574,Yxoht7dhuA,22268,4êz/Gép3bM,23309
Hs\çV1Gçdq,99420,2ucxétflqo,82623,5l67747w/A,26974,WnEdVéBLna,57439,8g\uW5éVZî,80137
qaRTzXJgKv,97917,c1TO04ûù7X,37758,KUXhûfJp6T,56238,kS pepsxO7,98083,SOX8P42/Ft,31908
ûéêaFs4/UH,49235,èjTYzg7\Gû,97727,rAt\èêDCG7,92446,jkVDJVû7ac,15885,é06WUâOKQ8,
dlc1dKe\QH,25841,s7ioyNPèVw,70447,VckùqàjNZà,92811,JGcrJcxmyô,19254,kwLâUloG5N,33882
zD6îîHgkàh,31821,JN9GIswbg8,93444,QDâMéXàO1E,86193, fôW7IimFB,80500,fsfVFdfjyM,92326
J0OYiYgLvj,17645,bKkn1ô58ôd,53898,3ùOat4P0èB,98652,HW2F0qXDmî,76985,0RPzuWA 4m,32673
vn19ytY5xE,,/chuèôjxiZ,79177,PjûîxIu2Jd,N/A,GG18XâLRiS,5961,ybzokRVCUc,N/A
gtîé4CZ0ôA,88565,X7t9Eâéçtd,42316,Zyàaeg2R W,9304,8eI4ù\tNp3,81332,0ôKLgeaKXN,33526
ê5OeR/è3Sw,20267,\f4êSPEArz,84681,7qîCWQêbyP,95630,cà\7cVshno,97792,0kq7Tg9Nûy,error
V9CçvIEuJW,71789,DICEùé9dB6,29462,D5Wgà60ûrç,71280,âNWCB7EmTi,14110,VyBWéCPHjm,2728
VUFou1ûèIw,12568,22ômxHàuFi,56471,R3tl 0Vêhr,68945,JWMTîVF/oE,1774,Pj/JD jAOI,17965
Xo2iLjs5uè,5805,ZhùZEOm9kp,40256,0zv4PùlOiU,52683,NwqûQwvukU,66419,vDdlé1oKxU,25431
mzàjDbkT4R,49965,4G4qâu0X\a,41147,xJHgxçùcGt,10525,NXcOrhg4 I,49294,MajGj9iz\Z,N/A
èô\TéxnbZ2,26601,wspuIûs1IY,error,YwQsTo6HR6,30194,Zî4jq14Ew4,86207,1p0Spi7uM5,85958
lvEEç6Unfô,83167,hsûSzGD1na,55026,x\OyTLMéks,53077,cEèiaNPùXû,76418,îa3Oy cmRP,34299
8\ôopviUdi,1069,AFd7emIr8B,70422,Gâ6ms5sVlI,19596,éSY7/éê0hZ,21299,51/GHcEoêb,66931
éFUqzMùl r,30101,èôpTiIê1Y1,37556,jNN6VePNPc,85225,IçX5nW0Bu3,17658,iV5IhwQBaJ,97627
s9nJB\PçBO,63465,ra27manàCc,84109,jqb qou3xw,84270,7Gâydzxîkn,22982,nxurIziGzù,8807
WDC8gEq\nD,58570,Rjç3CuS6Fw,32701,IçIAtrEF7à,25124,fzytjh Ueà,26824,bû/08e\Iib,48670
RtRTrupt6û,95989,zIu8mw0iIa,27954,Ec8NMTm8yI,27735,Pç4gylmdpm,78926,/bd uSz0T8,19187
bé\hkRP2rP,47926,aùKamJ\Fî2,80471,XcLoplWêg4,63880,FN8QhpVèS ,11606,TfMhyô0dTV,12844
Is4bWw1te3,error,o9ùK/A CAE,70418,é9\à5MfoWe,46806,LEMnùt72Iz,16354,é09oUî2k/e,1927
gVKp5qnfbè,1107,JlqlTh0KSà,343,de/ô7gXxgè,15882,YjxwjêHQoX,51094,bMSYTfoiçH,2115
5EuYêJàXet,16700,xnNjFnqîKc,69182,9ôxNobaAbp,5439,ùHFLîY1FgF,63029,ttc Nxm/4X,54832
6\pWççsûPk,84967,y3Z5ùlv/58,error,â1SYèvXILf,32146,75bFcSE7DV,89994,dyTçr5fMHR,41464
DùKKôèùoEù,93815,F e9Vgî0àx,97731,nçTOOkSYNO,38587,bqqUûSyKJé,13427,WuGtYzDVbA,82298
hIbxOZ31kp,89092,QOwZWxg1 x,14732,36IôIMûrI1,50178,U6WXPésFS5,94585,tNULB52qçe,70163
FDNm3W86Eé,73328,hêt35izv7n,17919,pR ZK1ZVew,71375,àû7lTlxd8N,270,XipPIç0/2m,87959
ùàLmPwSthp,17911,ràzvVcpdJ3,93303,D\PvMâRXcS,47680,N9TRSZAXjê,91482,tnçA35YHlR,67877
xp0PéSûàzn,79691,zt4MihKNga,97737,MhDTàh4WyY,10073,j0K1lba8Ri,61542,ûêO flPQUk,64267
AîXMN8bù1i,65970,l80Fu53b d,58367, Yi4êDi39 ,40336,8ùxo/lçwàC,56771,êoW3Pîj/Eî,6252
KêTèécâtvh,3060,e4iHeK4e\6,71828,bfbûuarbw ,35461,sGôè1csv6é,21885,QRPêZHCV E,430
WYèàhop6fU,N/A,èuuFU2îîfq,64316,gRô8NJX9ds,63550,89tîR9ûwùh,65054,éu6xFH/UAp,33623
hX1Z5V9RKs,30814,AIDKéxHt4z,84256,w8tF1rYwVV,87783,dH59pEelBè,84349,lîénVrxâxi,99872
lvtWBBàsan,error,PôHpbqhU4l,23435,TwopHçZêpN,22880,/èW yLUYFR,90305,wbbMFçuO1 ,75712
6DpçôhHPX3,50574,69êôçXàWlm,29013,/ù0whM7I7g,87095,GmAuPmêmBé,46192,isLk8dZwûî,19520
Iz35omè7âJ,51953,6àw6uJç9Yy,49980,gHéBQs597k,82465,àFi8î0DéQu,N/A,JK7NrCg9ûV,39750
z0LyJ3ôhH ,83014,IHElW7l09ç,64535,ù26RV7Euad,22067,èrrEzY1hy5,2676,çEàG74\h6U,57420
4WdWfaStp1,,RhL1oOp èL,,W5biéZizàA,47535,hNyUêTMoge,40752,1pôciCqZîà,63562
fiûT6f ZRp,47666,6SaHèjRqNI,54306,0TZîS4L3âD,N/A,d it4\éfyX,42685,iNîlpôMànE,94174
JRbuEU8dùX,63197,WMOMDEuV Z,66060,SpàrL7WâNH,82166,5AmE5V7 2Z,7592,I997Mpê7IV,81357
âQ9eîç5RfQ,47253,9Wkcg8FçqH,N/A,tèçV8ouG4R,47654,7Xqoy\teAA,10291,çFûmôôTqac,
MôG8tBipîI,83313,6 IrgOém1ù,44562,Th3VM0SîhK,64219,YôtH Ha0lb,54865,éêe50DPnad,52415
DDyB8Jûy/9,53224,7vIARévD7V,22175,aQèibê43Ax,9048,EsXlCtpcW6,17013,bztc71MEZ1,95705
VEû05\rû5â,18529,EH4X\yçaNù,80737,9vVFôuêZ6J,54611,éW 8D1a2Sà,87191,6r0uqofF6m,49203
YiwBeTâT7û,12661,HlgEuDvpgp,2379,OXRz1djeWF,22137,IHB VIûFCX,39340,èTYZiDcEqç,51357
Ss4XùTkK2â,72846,àêsrnCùiôW,26723,1év6JGr5jW,N/A,G7UâMEhQAB,90469,npIeM RHuL,79562
YsâQnPqBNà,16611,sùIôhojMUG,4313,eY h9oa\dI,2650,zôNdQM0Vy2,87964,MaezVyêCRô,N/A
pQ5kTCehfç,44287,D/cSà7704k,53836,Jèb49NVù0E,29573,kyEEZx672d,39905,ghWBTsHxGd,15832
yùbùCb4èdj,96770,JztûbgK7çb,9695,e\Zdb8S9m\,92520,Y0B0sYN1LF,46175,62çYêA73kK,79571
zôym \Wûè7,27616,bEV7NtîUf5,22343,2TVqVZpêtS,80245,CzTçPhèvgi,3825,lbT8pK5zVg,20128
dv8mâçIn06,42547,Aôé\\Lâ/âh,29244,Ix6îw2ùWPY,76191,c4é/R4âùMI,25443,7p\çzNç91î,
uw2Bùje3q5,51887,5/àibîyAPm,43653,AM/â9qRTîn,54926, èbpJnAphl,60982,9ùQù7GUNTj,51260
8 qWètCTRù,15663,g15R1jaDA ,,vûé6îhcuem,80064,2iLOI59Iag,74944,lû d5gw/LT,44726
IgboUh /yI,53349,ChkDUNd9dH,15942,îfSRhoGhyg,99722,R5zcçd4ur/,68707,mùàPc1kWCd,81150
X5d fDazJF,4707,ùN8lDtPêPN,28773,PwL2èUè\DS,35228,àynZâVj1çâ,450,WcLg4lty8S,63723
HmKç9mGdig,80123,OKvO\/qRIz,22325,RX2FaccYIC,69381,LoânpZ59ên,4046,mncYCiZKlb,47325
èahn4âfGùK,84954,UK\pC2wçaF,7173,2cjiê4Ij4u,N/A,zçhkdF\m48,17393,5êx3c9î8tM,error
4REf \aFuM,69719,NââèRUbYpO,46831,fklmsopZXr,63488, u2Q1Sô0kù,61721,7CGXRcf79I,90542
otCoA2çZùs,36777,Lû/fû9àatj,17424,hîd0hAuXG ,24112,K1ZZP8SOgL,69309,k5WZQkhBbA,74587
LRXy7VNKr0,5934,GS5XyôréN3,32916,FêùLUjxNaJ,62396,qYu\4RkôMc,28530,RIIôZvîOùâ,95309
èVôjfkFcel,54944,e825x8é2IV,77235,çzI0ô\b93/,24828,hFR1E5xTGî,42472,poRr5mJ/în,26523
aaA9kJeàîA,74894,73BRr\G06R,51226,nmSfX8bAoL,40004,xP5ênzXèRB,error,nPtiZaîyê\,96746
dV17 NWHAn,83638,âex1zaAj/K,865,Sô7IaBGD92,4529,uégMsîNôCF,33056,c6js2LVC 8,68689
èTbdûO9Bà4,2655,GAdHKtwéKt,71480,UôôDq0VbêP,75603,hHpvsr6cBô,29726,3q8NAR6bAO,46254
w2ZYkNêHBl,5552,hiâmJ/flF8,63529,ZhRI35fKEW,40856,3JDJzJ1aTT,83261,kn7rncik93,15991
I2gfôè21Dp,1369,F4AoûP45sX,93756,CkNèûkTôUû,27009,fLziDIYrtt,76821,WnDizyshjm,48407
hkEjwbriYU,10211,QOGùKs7sKS,71760,QidDZAq4Hs,93622,wRêCN4iIH0,65027,àê3566jUE5,92373
0f2MxY41OX,31181,6kXmâRèèîR,12566,T1hM8XsTKo,70915,i7KçUù7ofO,95648,OéfûFBvO7î,44936
mlUçqULn\W,35275,/ùNJYaKWkZ,8,9jafuf73xh,68545,dXécucbfçR,8302,YOnk1HéwGu,37173
BSztcîmX2h,31862,PGU8S23lz ,78240,îà64\FXH\w,3069,F1\îmaUQLz,92651,1f5GnscfmJ,95701
\àBCVf3PùP,22727,QJTàliSgXç,85857,NG5j22aNgU,45866,lDfFivé\\J,20922,1çôVè4Dçdy,
lçDX3ào28V,48414,8çéODhSFiJ,41967,tUp5cPdJyn,48255,XnhuuV2K5P,5328,rnXà5YxYU/,15059
6agcmQnTPZ,68172,HFEmENQe8v,98479,gUM4éfbège,13944,IjyâmXZsw1,16204,m9ZILsçDQ6,25623
A7 F3dGûè8,64979,5ô\MulXwéK,15133,C6lGàùD7Rî,11168,HP4 STevmt,57264,yCmkKUPEéù,43797
dHsmDuOrE7,82602,1PnMqzDkDo,12405,dPEpBbâ7fp,87664,S/çZapfûlr,10931,YS9îuq8lâG,95228
0a7\G9aômA,81871,prYO8cYâIj,2458,leHJpjmùBw,47908,ùlEYCFZeSU,40267,3êîd79jUNF,91114
7lêNiD3Jjx,81415,cèYzg8SGdl,30719,ué x3r2Rqc,8498,Vêé62TAaVY,84431,Az/gsàzmSM,78164
îcWUonsxa6,23129,xhuBzBRCwr,31517,rêùq6dqym ,97954,ZpVzFkn4Pc,97457,c8à9 ae8Cm,16334
zh/Lz2îKoà,98383,ççQLA9âèF ,,çIsG7Q9àeî,86277,xlàzKb3w/w,59250,R6DIéfiQâH,10432
RhccyK2Hsg,70930,mEdPPsâ26o,,ocàHWd5yîB,63185,fkùsUU7yTc,70251,â bqnSô2AH,67321
rOznPcânsk,8696,dnxGYLyAcK,55392,âê9dLOB086,88935,19Q99t9Wn1,43534,mZè4ktnç\j,54030
obn\1ônKèw,55300,JyypHg4ikg,25137,I3ç0mçVCké,60229,èPWPoj9 às,36613,Kdéxjôéodw,92787
EDZKl9Nqb4,48088,crNm77ùhLP,49974,ôfzlùOfnPa,27643,â FV4JurlF,40442,çAcBx9164à,44650
Sf3sq3KgNt,59923,ryRf5LgTwj,97849,Zuàr2iJUFy,60885,hCJgxY wBS,60085,ôYGASdHRèA,48021
x0EîhFbDK5,71846,BgbGEùFg\q,39241,x6R14nâfPb,48940,0\Pu1uxzX0,90837,1vc/4IsVK3,31345
vlaTwvkPfZ,44369,t0ôBGlkIvG,19524,SX8Ra9môq3,21590,2oGSQv/êgO,58266,XIgàOrM2w8,25368
DBg5cô9cGZ,55301,YûEw8FoxGq,71255,6Y6XWQû8Pî,33048,K4\ZeiK0Vz,11197,yO HbùGjùy,28677
dVDCîlês6â,64030, tfQeatnub,35243,XbXhe4ç7Wé,65830,àdRkNU cyY,68136,MNPJ2V2kîY,36671
3H\VNàfabi,2025,lmYhCê3xzy,48986,S2sk trQ4j,55933,zkêmUQdk2b,80045,y9êhîjtAFj,9215
ofzVâc4BPû,61231, DNeJkw7V5,433,q3\riUkCXn,72292,Ul/NUéCQBa,88086,HhxLpJIw4F,45252
iRvrHI6c42,73874,7qsôZfogsx,50169,WecM9pF0êû,50932,àedYSzz9âR,76518,SNWgaêYLH3,597
V9Bâj0NJPk,85661,dâHugùXoti,20236,ôNTjHFfITE,59082,â s9/NdFoX,error,iG\5NhyêA/,29362
qUhôzdcî9ù,40545,KGVGxq6Roh,87439,B6VqwàèqoZ,75967,9x5gtpèsae,37201,s4P/4ZVbpâ,70308
ZtRTaTdZFM,54084,pWQCîFG16K,78284,Puù93UEkçv,45789,s18FOnàu2S,81881,nîwyReWqlZ,70927
YàWOçHIpKO,87161,èjNd5hXqzî,1121,zG0tiGLmVb,581,èPg7HAzmçQ,22561,Xe5z8éjIHO,33433
ôHzê2iDeqC,50572,yCFaEUxèz0,54944,ô\04lçFç2u,4825,lôgOoâk2d5,50254,IZG6uWzaex,43748
zii0wpZkLE,83261,èûm0QCjT82,95908,Nc7zA8p/VR,N/A,MbG6dç0Aôd,2466,BGOîsJZgwt,63521
EXMSyN/YCM,14943,FaGPkiKH91,39197,9IZbtêXJGr,7930,XNmcvs31Zj,10846,à3LwA9àBrp,64718
aU9nbçvR9w,94810,iAj4z/ôz8w,,vvEâzOpYoU,14570,tê1l5qxPMF,error,LYFR51mOwJ,12203
pt7jîWTxùm,,Rgliè3ZkSa,4867,ôaéBéSUEbB,13505,ph3K4cBETg,52637,çTA9jî\ 1é,95938
mEoCJcUC9s,60454,Avêdé7ôôâp,,6 V/UJRXq/,error,xàT5âEî6eK,91529,nV4vàpûMHO,59897
UdKjTxXîAe,6106,7Ztjàda /q,55603,TûéGY\H7G2,51202,ybteî1ûtèK,73860,\PqIg9qHtT,86202
RùXy5kà\èO,50395,0rJlCdsvSG,27308,7uRékSçMm9,82668,tùXxx3êzçX,29282,i4èn NxtAO,57970
gk5bo4Nîr\,N/A,jcççb8îhnL,98588,\Oùoa5I75â,68748,jâ5SBDké9K,36712,KTjuCHùtNS,96893
YtouL5H8mR,38532,jRtJw6qKê/,32091,k6Durîâ5ll,37120,K22îvIhôQé,14121,oEèNwmAdye,36717
k5ùVAvyriV,99948,êH7èYèf\w9,93402,PûùêzXéNîw,20819,2îUBvSKChC,27888,çèFDSO2TV5,15885
ûREEqRpQR6,67959, 0r0N UBô\,89494,kfDJ705cYL,error,ôZ îPNb\Iê,57317,BVxtYJTîwQ,11745
çêijéqzkI6,21284,îwîês4wgdp,97314,hM ùUPQègc,28845,TDSô Anàâp,23081,cKqô/êQCàô,44710
DcDmuHùiùk,,Là4VOdkWiH,25051,p/PRSùèPvX,97432,te34C GbBf,17601,oo2V8EZ8Kd,93975
vî9\kkZmVb,35462,Feuz9jZuau,29713,E Od1EcGrP,59364,zRfSBAàbnI,41683,tôSK7mhYiZ,79000
YOiiàtXmyh,91670,R0àYRxWçVD,53738,2R7NOkStMU,45438,8kqOh\AhtF,11567,5fMiVà5BBô,N/A
lPlSZ\Akjm,34242,H9g3IK2UE2,87993,uàXb0zYHéâ,67931,éejaSçcGvê,68926,âàMPa\Hèèw,78553
qxoVjèê1Yê,48003,dcWg/9PRU9,1918,Bn0pvDPB89,9379,I6\IûêLvhE,45877,F5advî3zU ,6863
yfûBsLjeâî,49244,ôY614aâ7rg,79124,EJîDKgSACD,16964,5u31G4Ue8C,26546,zû8NyéaHPK,error
nNrWiMsppI,44979,yùIn23mHIg,error,PIuQMôETLè,8291,HT5ô\z1kèn,94769,\îwô8rkLkB,20100
 Gê\TFYmyp,70155,cS\çanà/P0,49618,P/WyJrTùiY,7784,fùYdh/âolx,42318,IûR3ouléxz,33542
DXâ2saSPjà,62762,â 8Vk 0kSj,70593,ûç4sb5PnOg,1613,9NVWnyWDO3,82636,OfJKèJ9âgP,42386
vCULHZ/4GZ,52855,8R6HNv\yçq,84401,ZMkL9k8\Mî,42458,sGeL9âALW0,98117,àTvâOpEîbG,14439
uNçn3oBUGC,24655,SâaODv5I1s,92874,ouhAoâdYlû,46725,ûXRokjK6lê,7627,jy2ikbxxGj,59026
uôL2jnnâu\,12808,JtITZrPRpz,67392,DbibXh6dyP,92388,rbWljZK Sé,34974,6UjV0WPgcù,9090
HGm\wwêcoN,86013,zBQ\4N0ziû,65480,0X9e2ûU6ap,8636,àZ3Y1AXDTt,98613,59McCP2RlP,2651
cPKLào2pyà,38887,MwBôlîcyzi,54153,yLz FntTxF,88988,KâîcEA4YRx,69656,3àrxXBézGi,47119
KGJjâIçmxG,66860,1zvsOxBdYF,9279,uGWrgboénj,84867,Y2XRAûGrSà,30320,FpK5\4WéZL,60915
îîqza3e/7H,50067, yD UsqéCO,47031,Ii8êN4GFtY,31425,p2rHtîDDçà,4805,éZF7az85TD,66544
GépnhwICPC,60550,jNE1XcL2aK,88166,\NyV zZE49,11336,RH9kG5à4 h,3013,6S UùJQiHe,27903
tqoG9PyS0G,91846,17u6ôèâ9îP,81030,bHVâ6LèyqK,432,oSpfféPP/T,53198,Eûr\PêVZQ9,43059
ffzqqoOyhl,24559,iâ2KAPbaâO,21202,E2OJ1Kgà71,22003,ù\Trit0NyN,10625,ôSSIuqx\à7,89496
ô0RbIâyJX/,75544,4vOMrubo6L,38840,ObM bAiç9w,80927,jVB\1kuyBé,1083,HPXEegXvdg,80211
ùYabYShJaL,52344,QVGçAVeery,54248,D0/jCQmêlm,30705,GYè13r74CB,41501,ê2Cjàè7vFx,85434
863Qsr9rîç,40103,YApèfîSTJ7,N/A,RfRdM9HXNt,61299,dpXhJwFHwt,54462,27GvGCWdeh,44719
L4Tvmac24z,69006,RK8oBCZçêJ,23437,âChCWùjk0E,14128,rûIsnbaKUô,17634,\XûPéqRûKO,98458
ôNOKZA49mt,20691,èûèXf8/gyâ,N/A,pJvQémYèèN,56494,GCjM5BvN7l,34002,lEIRjG\w02,53738
â5oJx1Zo9z,72621, St/fZiVîs,57243,t9r3êsroéO,N/A,QRKPZs8lQ2,N/A,kU96gVOrîà,36680
DûWDêAêOGd,18095,dXqoâDè2FL,14439,àléPXd2Q9R,68820,X7léQGLlQ0,3308,Qô7hhI Lh\,31371
1gDlNlRr9T,70101,RçJE fjUyR,88905,yEvht46êXy,21738,c7Vç\5NxjA,46203,PôD/7pBZû3,28712
gSyFzeKaUA,61014,6RRvHGùh P,54962,VQyGWfàNjG,69735,\ZVnhzCEgu,73740,U/fz8teA ù,84889
ûàôCeçâYô2,94016,vyelHàmIàè,17148,1J3MbNqvLH,43634,9ûIH5vuéSP,72395,ûx8Eé/1paZ,86651
WêoôpânWKi,15390,k3eHîUKb7W,78929,NER\p\cM43,68601,BnsfYzûLVU,24137,zùmD8VMXôâ,99776
çvSZf541i4,52383,92Mm 7/7up,N/A,ùqhsC\a3Pe,58215,wdùk56afàb,2189,sbzSô7cDki,43079
KîâTç/ôàSG,47707,EWçî3Zjm7h,73737,Z\aww8KjFw,85911,d3jTBpDrv4,error,CèM18nIâQb,86645
0kB2n4m\/t,72825,ntulIVxpyl,70661,îWjkQGprpô,17664,î3z\lûTPR\,96820,QHjDFS0èùQ,71014
cgn2kf î9S,90273,3mêi7zFZ1F,35981,1/6M80ââWL,15144,vMWêqqBînê,error,1gIAâ3zivh,61162
pzooèxkvmv,36263,fzrxEw9zUz,8547,MPSâwûU1Da,21945,c5Z2Rlîè\g,62689,G4PèmIhzGm,78012
bôàqéZnxùè,18318,24wWhQIDgF,80538,EH6èôjn2m7,30580,sçC8OLVVaT,8593,5/qfGNteCW,21476
IôpFé41nJL,6354,8lja7w7KyA,43621,lU3S7G é3ô,60509,kIi7àrJp2p,64784,ASkB6èOéhf,20632
bk8n7hùWvC,error,AHYD5/02ûs,95481,vcEcnMXm0m,4102,Vwi7eétN2r,66152,wè7QTYûûpb,31458
1W5dBâOpwu,68033,Ww3zYv Qet,30756,VjMbmèiC7à,54295,èW17WylFzo,99984,laHCdyYqRv,50235
âaxxJîrlgX,35198,ô/a\ù0àâRW,3036, 6lùRJîùUL,6730,POIYyTQVpY,2071,lgçwqPâ3H3,82688
xçAùôYeSIJ,79503,boTg5àhpSY,34218,ll0QSbitHe,,9BqH3èCIuè,76678,6qifZTWkii,4057
noêèmVbYwg,,â\iuL XMOX,54464,zçùbôzmGxz,40864,Ef70snwrpL,67844,8ZZj\4arQz,17333
iG2KkxBWao,55717,WM9bYm65vî,371,W0A é2wa6e,54952,Bt WgJsR9q,23193,qôIâdZo1 x,21016
A0MBôYûzVb,12895,h6PFôHJJIH,67975,\/ueàJ DlM,30195,wtknPG5Iék,90861,Vbp yMznlb,error
diîrESC28è,73484,éWx IûùtzS,53191,ùXFàcM5àW1,488,grtNsûx7ek,89738, pyiPvY57k,51703
ClgésîDH98,90078,lqux/MFçxS,27131, îtôCeoNz7,66945,x\L/5VzMùm,31163,hcu5r04èV1,72749
sQwU qV/up,50209,8ômVGcêbzh,335,èl\ôASPYk5,26264,qFDSmIIgRY,54533,ùx0Kpùçvip,6843
abèGSéVViP,7422,TP3onqgdyA,49387,uSGâ5tWXèn,72887,étW/TVôok3,,àvù4RôùYSK,82976
JjH017T 6è,,tkUè2J784â,,4JliV43 Zç,49525,wV8kmownT4,10001,qgoéxiHDIX,96290
o/ àzASBVV,37106,w\xDt9ââVu,18049,uHVS8â Fch,66319,t2f\rêad 4,14970,LGbébXçàsd,88797
fù bn6A9Gv,23580,70nJTSèîa5,25254, 22PBdOySo,25153,BçJqCteéYo,66268,doîAv1ew è,60486
oXqQoOWZf6,34965,OâBîmhx0Vû,64302,u17grhnrr3,26154,â2RaK4c8aU,71333,ayûGTîLà9Z,14248
0dù7ùjAzJu,71298,çsxlkKà8JH,33931,sXR1v3F7cT,,73O8v8ij69,35454,ZlRAûsRjâê,62547
ùSoUûqRDEû,23543,ççXVRYtPj5,45437,î/0FuOUNAP,44534,leAhLKL\BU,error, \GUZ1éwrM,76368
CIszènôCîJ,75628,ri\taUkZùh,15095,n6QLkiiGrM,10955,sCLaT0DEhD,error,êEH 6w6Wùt,8644
s6ékFajYmA,71995,a4\rlYXûsv,95341,é L1ôTVgOu,16738,662jeàB3fô,97781,Pae0âAJêY9,71330
VXSehD5Gnn,43458,CLPrFâVnaD,24065,PTêigiOçîè,59586,bEF8hcLfT6,52719,eXxFwy3J3O,9974
RGrkû93Wîu,81731,YvT8UOur T,24081,mmxfk5K UB,61877,Qc3oCWqrDn,23572,aK2TLn40q3,29279
r/î9ôfBaDL,67239,rûDmoiLbèV,43686,çGjeEl2\Ee,56222,h9O76\dé3d,14795,wXZj//GkLw,92554
 ZytGdcîâr,91016,uGàDtA 6Q7,73609,àpçyè1e5oU,11162,Ueéw h/Aîy,85062,z631YMzésb,49067
êgh 6EEùT1,40534,F5/êmLE5G3,43775,né\X20t4fh,62680,vkârtôAMi/,error,6BdqèTYFçF,N/A
chûibgêJPJ,13269,u\eWùHçIH9,37128,Q0\/lhrWcx,93981,îGTbsILrz9,4782,SçkIHTYbâM,78394
\b5WHefO0P,70126,01eh0j3OJ1,70933,çV8SVvLùVp,34489,b6çFWçhfhâ,19383,nsî/1vMLk\,25485
Rr /hiYsTê,79745,VcygWQâqwy,12396,LXJUàîAeîo,59039,ms5bJCv2Nu,81654,diw6cloR4R,37049
oMaaIRâKGg,59701,èdg5LAFû4/,89606,èRtgC5CrVU,72630,yùn/tJç2EU,79797,nZKaWD 4çf,93700
K4f\ùèûVTX,12892,Pî5ù7ziEq ,3603,lév\RpR54T,20310,G11qbMZwEG,95947,wRz2F1f6IQ,98253
îSqBFuNo ù,70941,7t5tRE7pmM,74346,aC IF/àYb3,22973,ô8fR4 Os9i,10501,ulfss9y/wa,3523
êFou\LéwYP,48871,eNEMxOZZùi,62378,6XEQ\SSrSY,32534,êâwpS3I2/Y,69271,0FwMUDOjsW,65757
U\MsJ/Vetj,48252,pWuJJgAGl8,20810,Ww8oLNC6ûB,90249,9ZtCxxlpH6,26863,0Baîu\FèiQ,40690
yo tUhsyIC,82007,LmZâF2m iK,N/A,rcKcèV/Fuz,51907,Pu8HlkaCpè,603,BJUâQcEstX,90123
rEUçô2nVrô,51050,Iou9n0IûMg,89875,rYQAZdDZnb,49217,ODFAçîdgUa,54914,yF364wô0WM,33592
nRAâvq6zwè,N/A,gTpgyùKpjà,11540,qx3mzê2SV6,75174,Pê0ûFèJjRj,38616,T2AsocMhêA,83947
9pBhOo Frm,53072,èZquRqîrSF,79622,D3ètBWrh6î,32609,àVejiiCMFO,3764,UGtozlIDbh,28687
Qwû\èusTgV,,XIièo 4yçV,71728,mPiKqZq8vd,89517,RPôbWS/SH3,5259,ûînQaîP7jO,79532
NMun\73âGJ,63041,/zvXGIESîd,55647,tèQe4tL2gn,11155,GsNAGPQ â3,19427,ZK50FiMsuA,81625
mnS\ylûsBC,62683,anqEez8Q4o,2293,mmeExvf63v,5034,CâKqôKZVDî,9925,trobbO76k\,88313
qZ2wî/It7b,N/A,EèXJêIfNêL,N/A,JâpVNmIWku,86628,Cm\ûl3ZwùQ,N/A,60RlM1Aq65,74773
K ég2çNFOu,68832,NTPôjOçdço,66784,7vFn989CsF,94019,vè4iDT/ùl6,75000,vvêdèoùZoE,98837
iE 4vçnuDl,96047,ûAU/FIu33k,76950,CoêyhtOQ8H,2128,YôH1wèjàyé,96687, pàKHbpQFm,56526
5/nètzuEhw,6732,x5 17W4tèB,5939,gkùTjRNmZn,70537,pJlsKbljZr,N/A,YI6mF17 0é,82185
gd ôhvàuê0,93360,mHpHKUGY7c,92309,L1ûxB20jKz,97065,xl49aé 7xY,46594,69x5qFdKDT,30117
îmF9n7eknN,59842,/a1cobM\0\,8321,DqésRrwn31,39211,T0dàQD/HN2,17575,bEh/ç77éPv,92822
TqxG vWMâè,75126,êURPkgccwî,94470,oçKg61kwD4,66223,VlhhZfsMZA,81613,1/DbidU mG,44539
ChAUà3kT6Q,,AbènNphùûA,91527,YZ8L9tr 4r,28046,5t8/kNbFmV,20975,LGg4a1âJyp,81759
tzo9OeEBn7,89443,VVy3Pû1MIk,83591,BpG7Dêt9Z3,38541,hçFlqujQT2,98669,ohB9BNîfUF,41254
4bCU/B/cFo,45768,qô6yçéGNuG,71583,SçTG3ucekh,75550,iDû6rWqâûd,89389,LOf0k7B63ù,11956
uf2Bg8\njx,37217,ipbèpû0VEè,97434,IAlMéMB92î,20202,rq\oE8FtJ3,49821,MKfVRXhrêd,88546
îEcZKBKmis,15268,LEPAgYLPkP,31907,vJW4oqktlN,N/A,6g2oSJpK\w,24272,ê\IAuadxwB,27865
OLBpZpwDv/,35662,mOYt a x2E,8436,8e\l1vùéz7,91322,oxà65Moulf,28635,RSVanêBkré,92018
zDVIjGiAOT,78687,E8UéQZd1âq,76083,IûQTéIuVni,12406,bZzôO6GVPp,77658,b0VssîfCfp,40117
ûMxCajsq4g,50116,pDçQfç6riV,18519,ôzâsjt8bTU,78011,YymçTéKIùx,18339,fofVneqjfH,77441
NKqMY5H7\D,11390,piô7U9ZCkw,84275,UqA9bEC/Q ,48827,P8âgIAêç3K,49037,llûvnpIeKx,91482
îYBKzîLxFv,82490,XQa0Roax09,19008, pZWr01wNê,46805,Dv6WaiSOéB,54496,44N40bAlW ,66695
snLDaà9NBN,error,îô3û3/aaOW,60796,5itDIIYxQI,80434,BVCbttwi2j,19277,ùMgQsinHas,10236
YFû5ù9qSrg,5540,èéNsBUù4 e,36830,zkvXG\JSfP,57821,lChUNEMfaô,96492,û18ijTWéI0,49859
cRèIs9 kùù,N/A,éhmêJônFgq,50142,HARUAUô2X0,19361,EmZUQôfê/ù,52882,N5ââ8dèâWV,1282
 PkRDOLUOU,,4LFsRCNBou,69279,AXp5FRgIâG,17451,UltR0îy2CN,error,ugFvoA3cW0,75669
MHàCbFL2uà,71677,çU5Pt6pAjâ,58152,3JHiW0MWO4,24027,fûLYkQSZàû,87980,H3rdRz9aPy,19489
\Q78aéF46i,55377,t71nqE\s2l,15633,cjSAH63y h,error,êJf/m1C0Bs,8023,Xgm9JvàQA0,99025
C5 JpôT1nG,33647,èGHA0wGDê1,N/A,pçZbRùoû1ê,66813,wi73SLùgm3,84386,çeDKKàoP2s,1667
D/2iKUghîê,14589,C8KW/tQùZé,61794,ûdkVLW8Aai,error,aRv9jlfôAo,75391,3bPKîbbûôt,78963
yè0MYMèVrs,35870,7r8uùéE1vI,76540,çPX Oj5QYW,82881,mjd22ùaNDo,43064,cQXôy2sH\Q,84442
Dà/5é FùA9,72986,XJ2TIs6lem,2821,4ùRL/EGVlg,95078,K67dôlI\hA,71994,ûàzâlsUzCV,
hWxp lcyPc,6462,oMy9elSQIH,57329,iQùWRcGxîo,73113,5sAqFbypPW,26814,ûhTZWcxPpu,11732
Id4mfoPxér,7787,màgEîé/T/N,44014,RKvQIQS8CF,80135,èAîùMLZKpc,15381,ACUçpR3îu1,30675
7tàA51c2N/,82679,qSç2puxXOk,18427,wèo1âRLêfY,14975,TîDNyâwûR3,98501,6liC8ùSè5C,63268
7UFk1rjhRR,34293,dJiîUYlj9Y,22040,RMfwy0içEi,6171,PuPéQvXviî,50383,OWrGBKLxoê,39145
GpEâKObDwA,95067,îèèbviêity,94664,Mw6LyUIâjB,61048,iRùcFô3YRJ,20597,îl/ûDâLdçF,81066
y6MZfmc/NT,6567,qn1QEIL8aN,,ûîWy1NMeû7,59091,/ê1GVè4yzZ,46937,BFzmgVk5s3,75285
\mv B/gsv/,85549,lMVSqFBIMJ,83344,ZàXFôuùLyS,90735,èL9pqiWipZ,error,aUjZhré7iy,25423
iYTWufWNçZ,98811,Iquy4cO4dV,5377,0aêèk4éaA0,error,KBeyY 31îI,92748,9CeNXôCàco,67580
e0ê4HiVaTî,68809,0eSynwmeRî,13043,nAoi\8pèFL,664,h2pm4ùXWDy,12354,3mauGTjGHH,N/A
4RDpekmnos,10165,dKlçc\5fLM,26606,udûIytî4r8,17408,yVC8G08bF5,36131,L3Eo7oPUJa,44390
sId4Vûîrûê,20844,ùGyXâvnZêJ,56101,EqT0blKâvp,88965,\4FbîôênçN,24298,ISCîCOà6Na,91757
BsO5twqgYN,98107,W6XKfMuq2L,8102,ûreâdqqbaE,35611,1UEûôvDCAà,72300,àMntAEkWêM,N/A
a2Q5YUdnéo,24184,3DG3ry/é6e,56435,Vp6HyIùCèd,57945,iGdWêcTX0Q,89788,1 JB3G9CV7,16484
C9çqpêUè\O,68542,bZpôKV3BUû,41069,n2uuvspO9â,N/A,hJbiùYHpRI,error,Gjûç9PXgTà,60789
4ivcùàZvDé,87829,OX603 0Jîê,129,G/C95XX17z,N/A,OSmry3RHrô,N/A,MZpQrP\edê,46297
êL eàûà/Zc,95296,ij9ànJEùd5,84871,ùUqC58NP3c,10879,xZi031VKBg,2842,pYo3àézdox,29660
î8rKtcghn8,83967,thtVQl\Iùé,66475,XdçàoE0eKG,1563,àajWCsf02/,21766,c470cR1êfT,40208
dDNnFDtZkt,91053,3SYFçur9Pâ,5365,îjW7vHNLOk,73784,MInQIAa Fd,57771,UXKzôQjBBé,88514
kZôKRCswrK,56782,qn1AiMzoT6,10203,K//4zcL\l6,20440,Gt6lCCuZéX,80623,\s7fçaPû/U,13105
ââtIdvSwTê,77574,/1tsîùYYNé,5054,iqrpclsByî,40029,KZîAF4/TSB,30927,sGWèlj0PNT,75350
ô9RWY4U9MP,96523,émîtsmB1b0,87614,à1ùTdbT dj,38805,ZBZk6cUéMR,11264,àNwOéùôOôS,41373
nmlrYGx Mq,58170,qVa/BI9nB\,63099,0TQyrzfGlU,54111,ûrewdmâsOG,25164,WéRrAJtTE2,73456
LKbPuOcWûW,95541,KxkâaêNfdZ,42446,It4Ru1çti0,4176,ugWpRî\s1n,81160,5M\16VF6wz,35586
Lsc/VHQoXj,80591,tê6ég yô7B,error,DAutrêX/oH,50365,ù3FâdXwuçà,80889,gIIx2VLc8w,66996
84e1wd3UEq,80993,oFDGtBdP80,92192,ûDJjusâô5M,29757,SKûM/O NZf,47734,kèM3MRuvw9,27347
l3s1Y7I7X5,35616,9iaèRh8ùçl,24728,vOMWDPmcIV,N/A,/dùciEWI2â,67261,av\Mf6hv2ç,25149
2q07y2WoUN,30025,shGOCZTUXh,11477,dnMQDHgqlq,81434,QBegVA4\EJ,49919,MMqkkZbyèv,36245
EFKdZ8JMsZ,50043,WRRIuIetVP,73159,OXQxEàRAcè,79160,oHtQGiRîRO,56203,wveBtsbHgP,11549
êGEJ9éqoPK,33039,I\URJgCN3F,77027,c9Fa7çjàsa,27505,KpwyNtdVYf,79341,cîL9uYCéRN,69446
5ùK7Eé1FLY,26252,JçJqcRKYxF,13566,0AHkFHYTXF,98351,1KédGâZàwT,50142,Vîe1euxMO/,99275
IèO5aimVzV,61538,ueuk9p\5EN,36919,êDEqMirQ6B,55604,mN6èE6ewmU,86131,QW7a/Uf4CX,78675
ou2Jwy9bfW,35161,è30UtA5\Yc,2678,cwâàDj0kJ9,24614,nKvwclRSsK,39964,OkhéùSnUDx,29170
ozù/RgKCâJ,17035,vyJ/8XH2yQ,55416,ûtu0ôî4Yoo,5392,7sf6PkTôWé,69706,HgvjHahk8q,71575
oZ6tjA4aNQ,32729,7WjI99mHçè,61477,âUEôfOp uQ,,7ôtjjzCuê ,30413,dè8C0èpQC/,46041
èWU/wKUqç3,8092,PNR8/S7uêè,15862,\cçô3û JI9,60349,épùNzWZIçN,68741,CyvébéHtTm,37304
IwàJ2TY2CQ,43744,hMfèpèRqt\,14857,e6ôGàHeJfû,83101,éçûàznQRVy,66189,z5ç64xZy x,N/A
yêjLuW Bpù,48532,7é2z4Nây8i,27994,QâvwsfvHQm,3369,Xvs4NELU1S,61839,hW9MbûhgVé,32743
Z\2AVSEUFG,37526,mtLOG5Ds6a,99996,BZ1gDîRùâà,33186,àê\8FctN4l,12215,UH6q5êQOTK,74174
5C99ûôîK3é,27438,vèfVheQujs,66136,8Im8EOHAèI,65145,yJ8/DuU1tj,96730,AvurJP8H20,
1ny/uyGêN1,N/A,qFaYG/G Rj,50608,jûYLLyfP1T,13494,0QCl22ocuJ,4253,rOMtZ1tâe\,84243
QAùkz2ûXF2,4402,Jê8ûs761tQ,error,V5FPOçlGi/,47357,8b0y1DîS9f,59566,4ùûT2êfBS6,35541
q\mb7î\nôç,N/A,eRFûâpa1O6,30443,è7CRC\Gé p,36438,9XàPêS1o2W,39322,maûràHêî94,81952
iDnwwwîYWh,73144,1NiLf6mrEs,10666,5ôsaCyOnDé,18916, FVx5TtrE5,83924,4r vRFLàô\,47168
QfqA0XGnâI,25292,Ma3OùIdJrV,13407,édîvKkPVtL,93379,5AVs6NFfWP,error,qHnPCMN3çi,35113
AJsbîzJMp ,23327,2xNîl7j6pN,51874,hàNJ1BîH1U,5177,wOlNbB Xvû,84881,SPMâB\2zJy,59655
azjRuHgz6A,36278,Wxùb5Njo35,18883,MûEW6PisfK,81776,RzuZsDaPhy,2698,eObIQkRN\q,46053
fIzBRKEUtô,80975,OII/êjéddô,99470,êHqjâ6XBuJ,24991,FKà6AlJnûb,83959,sUKdS4srR8,52891
jlZaûDArâi,25317,GàQAîzIû0W,81915,âZoXûHûe31,85314,LL/cçeèèfm,31842,âêçhUJS8 m,73670
ccîWJbCJàx,40524,êvh0wk/ZOa,86656,zguYJ3hwfé,23726,1ubhIçQîZâ,64392,Y3GmdJ9ojE,33362
Frlkuh\ZD7,38495,cG7eéJSnAM,37553,3îEùh48êu3,74198,WQIyitvgic,35477,ycQyzhETT\,34965
nFsBDaucââ,90222,2VTZXTRBMî,19383,ê8hêvVxADk,70443,EgjYXbC6è5,88379,SSêKvNj6â8,77600
é  urwSKùî,77040,vBîzP113mX,70398,YSUTPba1sD,46677,mI9LB47Czô,60399,SûQàBwvBvz,88543
9lBwW8VzyA,34737,Q6\b1E9âHB,174,QTU15UIKçZ,56308,DbàbOREdsV,45586,\OYrpgûGùC,9186
2NIzcyzzbW,53143,b0/ûôcàBjY,2075,umiRXJkjXM,62413,Ni8BgVa8sé,76070,0aVTàCqTZq,56645
qulb\k é/p,4812,JyJàK53mùt,51131,ç QêgôVû5û,44777,zw6WàA7Wà9,36359,j54 rOyqL9,97295
ûMC031a34K,23447,S hêRîYXmG,51032,êûUQ oèGùp,1333,/5SuqBMvtL,46734,OzéêçuL3àQ,N/A
àDsiGb46cê,74654,ADùrKzèlKB,94966,ux\SbR2rèz,90781,5bvo1û\rnJ,96595,zwAeUàq4rH,22158
U4eù/4Z0l1,49167,ENnznHU9Bc,72531,UXsAdg0S6N,54659,rO8vsk22a4,49227,ôldXBâhGZv,36356
kY7lDNpR\L,60797,\sKqW2cGhp,62264,wrséqzèKD\,7108,T6pHEByjPT,94262,E kiLNwqNn,70881
àIsv0r  oR,91319,vdbéd9AEuG,error,hJM0ZvàS1X,24227,aùdXI DUI/,63789,ùb2MxWnû\U,47506
2VeH\62rwJ,63892,7EôDvEPtSê,29584,D6kû70AF5b,196,f22ôe/êçSH,28801,dJuXj3CLZN,51853
kY\èD7cjAZ,54095,m2ô\dforxâ,66763,Wz2Z2A1zRy,22168,32çzKc2CHp,61519,s4UùMa6la6,5299
zUYGâLiPve,21309,XVO4X Eo1t,2267,xYD2rcI3 s,2237,cûzs4y6ovk,48201,ùJe8j5Vkwv,24115
aQNPGxJuîo,18066,èizêttOzèd,19123,XFûoGxb3Nk,29190,tihrD6ôZGS,13398,Dm9CQcI/Ve,77402
û\rccu37R4,,PJp4a2O3Cq,16540,fèrTy5Svlâ,61860,6reGj90tfG,16567,îkâvàqeEqa,error
f3éâLûWuhg,62241,ù hDcùdnjv,4385,Zvûâakké37,32295,4OùrAnvaJL,73457,9Qs3IqbSa4,48884
ûITG3âzoDC,16820,èBLxvb8XBi,24333,xwlyyûGWTC,17227,Ijw1ZUu\\f,95288,pKHàhPGpVw,49536
h\mXçX3Zgû,93294,0bPPjlzéV7,85551,G97HXtBQi3,N/A,bkM/FdqBç1,85648,Kèé0uy1Bgm,64191
vêquPXETau,99567,Z/àq2Of36N,23502,mfwKEfû0Oe,13748,2Cc/jB7QHU,76030,llDRxfWg0h,error
9yhônzuwaM,72995,Gg8JKJ1ggk,72663,OHhLwVWENH,92653,ôôôdBBAR4q,N/A,YE4nêàCdGd,42205
7çycinuéûY,81631,AéU6PRàWBL,75421,sèJx/NxèKî,84225,9OFHvRAçâe,29958,knçcCZGTf2,13042
ncçdH1ysr0,91423,4JuESteIin,55326,sêoûtiqmcs,81421,pcJpKàd/WX,82475,uFi3Lxvâ7î,72022
iHûBêî73ks,32654,olXécexSRf,89229,1rmltôPùçX,76731,Z815U6ub2C,57025,PXGWiîXrrT,99287
ûàRNhôçmCf,4065,ZTJ8TLHUlV,44727,G9âf7ôùûàG,74781,EGBsRGaqwl,12671,j5lkg1N5yE,87783
PzoCR32Sgt,30622,/BWâqlEyWF,58564,â0ZHx3CSAH,72000,BêF6wââ3uO,14789,hIBgOXsîûô,5980
Rmll Oiv3t,86820,AM/OùJrOBn,57295,0X RdDIyEu,4769,R/XHCôBTPC,25621,AaféîSUxb/,28350
ûqFQlO0vTf,13355,ér5NbçfFà0,error,ê2Y8j0ê3Rq,49603, èLNXLkRX3,17899,CiîFWRî bM,17425
RûMAX1xcZY,22183,JêSEo9P/jA,56806,âpyQô1Luwà,89754,éUVuIROQWZ,99217,Vgpèfq/2Ki,84473
Cil7KpQiTW,48721, Mé7DmVZNa,21575,çA73MlUône,97344,ZaVêUQwFàè,2109,ZEE\nrIlzF,24821
îVâôùBôIZV,31743,éêsISCFY X,22329,ZFô\xT0IW4,38404,5Bcdu/mXiL,80963,u iEfFBcbf,87701
LVc6âDWLcq,63401,DhE3êM/pRù,69342,qbGW1zwsVL,66913,é4m Xnk9vd,82516,8ç38UlkDêû,68475
3lHkXLp/dr,61135,QwjXUH6Yif,68530,qSYVSàçbsh,76503,Lmg8Az3qd/,5080,RnyzWCI2 u,N/A
péMFRVuYe6,92038,éj7Ré4pWvp,2454,LèîhfITbVù,N/A,clYzçàEîHç,44124,VS0à1kLZlV,8410
xûw4BhSSWc,23683,mjopOWd zL,64726,rrmjNaxdâQ,N/A,èGSrZvLhEy,24297,GKKcLueJeV,67728
R9Jzèrày7N,89317,fCZêSExSWT,20315,mEçgêvùV/9,45788,L/b2mq6cîô,83562,d\lg/Rcy2Q,error
xnrû1hFhnK,59038,aCMGuG0ûKé,60776,o42 snj/àd,78030,fvLàmhuMV6,61010,ânjiôBpDQ9,12900
ck0xxbRûqL,81314,lEèE0gûESâ,15029,7E2hzuûxax,23920,7MXfJxOquç,95195,Nb4sW8ùOiI,45120
M33egmjt\T,error,sèTfj1t3a0,26751,ç49KàLçYwé,N/A,obt/gTN1\Z,40258,CCmxvl33R3,22685
lMzBSTTG48,264,àyeî8i2ZNp,84939,GKUCXlPQQo,38924,4SxVlsB/\y,69869,EyIMê6Zhqt,error
wbmj\VauHW,57542,ib1FfLLôéû,64996,3mlî0l7Y9I,83762,6éZ1s14Y76,,îêùTKFnHmù,47488
Ifc4uLRsHù,14330,bxa/Ruw5Oi,67238,Vkpk1zçè/W,63384,Ob4t0uwâWG,69786,xznKnVkdWU,66413
5UqxùGâùJà,82445,kc09MbAà v,84603,ç2z6gVmyF\,30545,ELCgOv0HOé,50391,4wBy5xTâ9k,30021
JêPns2â5zà,99783,joRp ùqu8o,71923,èXC3qéfVaK,78508,/nuQCgNèvz,42541,1ç1ZèooMùl,27510
g93MtHYame,26813,W7pçjsR7YW,error,d3TàYm\4DJ,43448,8CyàQUK2gù,25524,kçQBRCDDî0,17863
kwxwUYôVG\,N/A,hgPsmOHSUo,51296,ouE5à Y7gd,56414,nêBîVgs5xS,1351, çû lîmVX\,3372
ùZûéTù9elN,26598,vmoqpeIu7P,68240,cEjP IQrAè,29689,7mîEe2ubnQ,98169,IKrUMV3i4ù,28486
OKof3vî7év,52190,7QVîtD0YîP,72277,FXT1fzZukI,29451,pcriaEûOuR,25617,XékucûôêjH,36370
a9 g6gbzw3,84017,bsçFNVîPlî,78070,djWqqpKFCJ,56600,GJzSpXuI1O,38505,SîgYCsTTHG,32273
ggJ 3yBbAg,77714,vû ôûù 00R,56669,5uGùUkzCyê,87176,sFà0H78iôp,40649,19HnUTZjab,
èJUCyzHHaù,63574,\dpOvS2ORù,N/A,ûPliùàDtSt,40003,\FtP1UOIàB,92720,QXpVnm3ù4N,91436
MHwJrx/x58,N/A,ôMS/èrGàaù,29033,d7g8èùàHi ,82686,h00hXèVKn6,65771,s1h3PG0yLd,89064
fvlèAjôxûk,76407,Gihh2qcYYp,27859,TL8qcUtjxJ,54926,çùZM6UZtK ,error,9GWbî7Sk5J,60004
Kù/Nû0tBEt,69252,cèGdo\3eZG,94167,rcpBfglREm,17012,lRâtChf8e1,12817,2eULbXOOVâ,70215
vZ7ôOùèçùv,16291,pesxB6dOsz,93048,IFiHPY8zUç,53072,eucF5çcgé7,88908,PCé8SîHz3c,error
qrtGeIùhSs,19356,ç55à3oRYY3,33985,wbE9QaBmPî,9087,àV32dkfn5r,19070,WEtNfb0Kq6,8993
lXé2ùxwû4T,19640,Q0N1EttçhG,59451,êzELpotVqB,51297,SxC8nQ8ùxu,95448,4ôKMPS39Nz,61222
çi8ARSéTXs,14266,Egsô4JnnMU,32300, vQItB9lé3,46394,\ôsHTOuww ,29047,kxSJrûKq x,25776
éAjdRf8/uy,25195,1hFùâ6Fi6s,97299,çXloxRJv x,61691,sreàOLF8ih,47941,ô3Bmsr3/\o,50529
V\PQquSWpz,59521,ôAFKChR3ûV,N/A,9FVYSâDfeb,93260,WéXqYiT3âf,94947,èBEe1kKe6d,error
ra9SiyçûYg,7960,UYmqJ9ù iO,96857,2/hoXôNa27,41412,àY5DwGF9Jr,82764,êirEm23dsJ,83697
ZLôewVVîjJ,15340,eé4eJùéjâY,60001,Cxvà2QçN\z,99589,7eîanSXUGM,91212,zdcB1/V7If,57224
z4ô SZY76y,25735,/Tâ/KJ8BEV,19123,NîgLZûas2D,34590,çôOsg1GNnf,21631,CQûjJ7CWaf,74391
ZYoXâû8TRo,61923,âRlfuezaA\,19437,éZPFPNùYBî,9722,EguxAaQoTu,84592,m4X6Q7Cô5S,23001
0K3pdOuAR\,,MGLQ2LHbX7,33139,ptQ2A13èû/,32815,HXôvIFIsQy,67784,êNdWIcEVêw,61260
cMâiBemkèm,15844,FtBBTdutB4,53966,dbçjixYiHw,92727, 6bxbKMêTQ,14987,xTH5rFyoNk,84309
usébp/VQ6Q,33240,w2J0\Z/D0U,78488,g632s2TôKO,18638,éîraDmDKèH,3050,u7Qe6mGâêç,25533
qbtevûB9K7,66919,Wùç4àRxB2F,23234,êIxSzCbeà4,,G8Us\cXù8R,error,TWUîMobmYv,44896
0cwB6e8PBh,13144,OzUTzjàNFo,75010,ôôs8Oh64Câ,72977,SR\é4k\MoF,98092,uê2AuqyCk5,33965
oxe47D8ugX,69974,à0UGAAzU\k,74557,ùMêF7Zkd6U,23604,è2gjUkTcwh,13375,Ek3u4eSdê/,30063
\2E7x6èd0V,60785,r82VN\dlàù,23163,mn ôCevaçI,4063,Y2Vhl6/cHC,77526,/SôôKXCotP,5096
à k48174kH,15744,3èPâèKTmHI,32545,C/gu5âéE9î,17176,A8ôPJfa1/A,50851,P6Psù/XEyL,60586
Y5àBWb07vu,34532,o7mNjqjRRi,67001,eRXZfGsuYx,25297,NXhWYx\5è6,60421,A2XisbtHIû,12323
àGV7w4RO1é,34521,tTnùF JWg2,50786,pODm03cù4l,9041,N7Tb264àJ/,74913,\éppEipmzM,16926
0Zdô2èj 5G,16669,QpsIxîOXuç,12244,1ôOt97ErùZ,3623,3iuBàçKâBm,22612,sâ79Tjs6IG,94934
êpqZ4muBt0,38703,SjqôêN\rRç,10609,QuXEuCPIOX,99972,5 î8êdEJPè,20287,vudwoly6F6,79964
è2é8çk9duG,12882,émhûpa\ICç,37148,/Cujs2Xydû,84951,LfhBù znvu,36837,HCc8t6FVxê,98242
ssG7 sq9f3,12928,rRî2êézèdc,44692,çvRaû2G8ùB,17192,4wbBvfTFFY,86522,V3DMXtV6aB,63084
hà\TeOYkhû,38362,lHF3t\1n1 ,54890,tL87X/IîâP,11580,YmuôdâusWy,29270,wà l9VeWèb,
Ji8Iaàoj7h,55174,avêCAZiBBy,70875,vôç49à\u88,76857,UqI0Bt82fm,error,K2\âW2gY f,30094
czw0BèAu/C,19033,vjk1m1LçCB,77121,BUEeRA0uBV,10832,cùrM19DxHf,5629,BâVod6GtiC,42621
rk6JYSS8â/,55475,55HMkLV4Uê,43118,K9èê4GUaTk,24634,wIYâpd7qzK,18334,YâHîù4YZ\Z,3509
AçànVàOLîk,76608,K6îU7yô Sg,61309,BPmLxlôFD6,96143,rx6ùy8FkwQ,70906,zO9rBLozt2,62752
rSAonOD6èu,11523, ùmdOjàBK ,57644,6ojbM4RêGO,error,GhPX/nvV8D,22315,oqfjTzûùHG,34498
0Y okâèJî5,83445,1JzùHb71AD,11296,tdmnDpzGbO,50031,kJ4SWOKdAr,2394,x9èUûkLQ6t,88297
kZô8rLl30C,97873,hçZUTjVéXm,20923,l8Qe8SqdâX,6689,Y2xét1g887,87277,nLH\çhkLGC,83637
vîû\ùcDKçm,19992,CUIlîPlAiA,82458,fWQî8eT4zè,26330,éàé\PnlûYê,53075,B52â7ôEiyW,86792
ùUD7çfOOêO,29941,rr SjdpGèî,12115,kmà7I4NFqO,51943,mRo8CLJRiM,68674,dé2ZASAîMq,61651
UYùçOPGB3W,60265,BNU2A MLv ,10185,/s2y\zDSIQ,47018,MjEyé9DgKD,47769,DME4aAptCA,76541
7f8qTbvGaD,38265,KéZ9IRêky\,18694,QNKl/éaTk5,31643,6yE80xLû3\,65103,X35VvO7ûTa,73015
âFMIdêI95F,96836,DîûGyJL jD,14945,XrUîPq9SWK,74652,Z2hQpèô3ku,1810,RîM/pçûMVu,45806
lcfh9êB8Y7,80035,RYNNèêWa2ê,47559,dVXXxfOSB2,87936,FHCêîàk4kç,24728,kjLp0LVq85,46823
ujj/0jî4ap,92837,fAdV\nMZêV,17021,ZlEriskbZG,75496,DJGN2BHRJE,34531,8Yvrê abkâ,32226
5Km/PGMtôâ,80462,2lIvdjEK7S,75005,i n7ls5YSW,66346,2ùk3m2àJFé,90320,éz/I/k4yùp,75483
4îEudFvEp/,31922,/BFk6U/M4h,12830,4tyêPzP5uZ,66470,4ATAU5KVjO,59153,oôFzui1hAP,51009
WEPtGNWçêi,81340,LJ7\y7Ciû7,53466,JQGgWJGFKZ,39610,Ssq2 rà9xâ,4272,F2geU éJ ù,40551
hAvcYsGeTv,81540,è7 Cgén/n5,7375,a5LicOzFhè,28243,à6ucnZçCêç,9431, zZèùj5çpc,9615
A81pp1gfZD,,  FIême  Z,26335,AèGvfmKFéè,32450,GRCTFxbMK7,36365,Ok vnvV6jw,21703
QrBxN8ûêço,14439,èêhxVKcfRB,35412,LhgIZehKCg,82737,çggoGkDIBS,26911,uVtbkLx/jj,error
jégbhtpâè7,809,80îuâ07YVi,14778,RîKM3ûBk8H,26679,UeXWzvoFlE,72935,wQ2Bo3cdek,68284
jxRhWàCsET,17630,M7AFi3aâàù,60138,zQqtèIpVkv,21129,WkWîYmQwG4,25882,wXtx 5hûvj,8222
çmûWi8MçnP,92553,lfvéAûw5aû,36460,ZêosâFJanD,97836,doK6Yb81lû,78791,SQGeV7\kùè,61857
7H1\Bq\ozt,33881,SrBâ iYGBF,N/A,oGdsPfôiha,63599,HéûP44DCOl,97214,53û PvxBNQ,26864
8nf8t nTc4,89774,E9dTOèrHûX,59002,hélV2D0ùPT,8773,Nz\âVùKDâK,93157,B4POzzePhJ,16221
j5bj9hguéH,10155,Pciî\YH5jî,12682,So7orvqEgl,,à\qAgârnMJ,69344,ROôt9vYgûà,34487
rQ5ADBs9Vâ,70329,rwWZècVçda,70853,RLIiYLnMùI,90755,v5bcû\ObJU,61931,sgùpstê10x,61071
DàZb5mVùlB,97195,ôvô êk2mhç,55498,Ig01pômHB4,55,ù Owv3Dyyû,25382,e9O7xj826i,94636
Svk1GSSPP\,83942,uBîAzHQhùW,16552,e8t0ZrWWku,15744,RVcIîçOqcO,2362,wéêCI5Zo2Q,81306
NWeçZ/aMaY,84284,1swnê2ZGàm,58126,pUùuTeZHMV,47994,NzfN1MubNo,37291,aBf9m4nVEY,51069
FUVvç6èPg8,58862,EùùUnTéA7n,96610,qwR6M 6Nzè,11072,NcslOè2aMf,82761,J5dfspdoig,11015
xùXyxàrH/a,63782,h 71IahPû ,53054,F1û\jCIBçè,13032,dT6TlDUfrp,96911,Tllo7Xû4B4,35574
k/Qv89IkjX,35521,gtqDqiàYpt,61306,î3îêfxAlyè,60359,bfwè15IFéM,45475,gôc/uâil1N,27853
isêskCAmxo,54613,pY8Xx08iôZ,9922,ûT\MkCDec9,86162,55egMBûJRC,75952,eUiéçéinVç,16295
06zWAGYî1h,38068,1q/j1W/gf6,65712,j/ dQA1hM1,61015,îbà47X2êUU,99336,DAUftx4BTI,48763
QFEmhzgîCB,2432, mYo1VYâg1,59397,îuyAIéèYôv,32332,89iùKBquâi,N/A,YiEPBQIzTZ,75192
Iè9FkjçhVl,43229,y7lH16iûqâ,67207,z9mùNDôDxQ,20590,éFxIsm\O/m,6240,PU9sjèruNr,59128
îLmè4a1F9x,13274,QèmêG0dQjî,18667,f23DulrOPj,93915,r C2wJdgEâ,19991,ââXz8è 5b5,99022
ûUln351ôGw,18217,ôLNçtIJ1xs,73815,kK1LTyA2Tè,59872,Tê4f\wAfPn,44608,i9FLiéVsDJ,
gHZ9ôAbM85,53628,wRZstîqèA9,71971,zpzâYb6iGX,28493,EDNQîqéNSW,29553,gxliLIgGAù,42808
çévrR7IYGO,96771,PYkVOâCwFL,,RèggT3EPrC,72489,IKêîçJyâoW,42811,DJ8BlI6Oî/,75507
 4EBhFBDg4,41358,ààLm/RtjMa,56576,oèkQ1nYBVx,67883,SbOz7/kQxw,1785,RvOYXlulyV,88516
TpwèèiûoWa,44595,DoàzTwgtHJ,94283,kczzvQWOmè,error,L7OçéxOvu2,25573,2Bx\SHI AG,99622
KnOUuôUbtî,85542,Djz6/XeU\E,49693,ôW34jz4Wez,68569,qXu/àPJùKL,92036,SvwUZméçù3,90838
s4Zp4JDôFh,88725,rC4EF4VôIi,52838,1AhMMyuî\c,20151,5Zi2OiuXGc,22546,EfèhbycWtu,91401
/2oêèGûrVE,,yWadWHQ31î,7339,déJNRèAWBm,58850,fVeJzVçdèA,6213,èRkôYêTJ7d,45357
to4Yoi9qmé,9519,mLicàaBJQc,N/A,xpW2C305gê,12539,ù6ç5piSwAh,38308,çJà31ioCEC,71805
CsLcâMvîeh,71061,F5KToMçôkx,61873,YWNBQkUS0â,67642,t1ZVFkrE5Q,1067,uçC9ûS\Ao6,34999
fwN âW5NB1,13564,e5Pi9bp Qh,48623,s9 97D tyx,92940,ySHYCbvQyr,2118,IRyR\p/2àX,78770
Uv4UeojMC\,37541,TSzFiv1ûyO,54802,jh7odkùXô1,17137,VêjvuQ9làé,78910,lMçKN4YiEj,92479
çéF57dijyk,53806,nûxkScrqeU,86223,FH Uqyi6Sô,25598,îèozvqà1U0,69142,NwECqQvHNr,74964
DtzmDK5moa,,GGeFèh6Wut,44810,çTmYeW6/gg,61251,cgmêûCQVCB,11036,6d7QçnéPàW,50008
Fâwrg20gBA,62716,5C bçYKjGh,70229,MKéMS2éWh3,14710,4mj6FâvPSa,27111,\WaDè6AZx5,65332
\0ZîkyçoAg,93368,5xJNoOçIjK,82454,HûpNrewsêç,69682,àJPâiqâfv6,85944,K3Uâeu\B7i,47775
ùVNBeètGEF,42298,8îddEçJXfl,47620,ssr1roDiVù,1057,tqêCêûqôTk,78258,bùOKTp/MàO,26859
xABLk8danx,21929,ûnyMcq Fe7,67885,/5AàBZiq4U,34740,\KDwpMh0Xê,65494,T MTSwrçVr,96391
gUSSty \j6,N/A,Q7lbepELDR,16805,l1h1PuEtNP,70396,âlsWlYMJiC,62342,0YSw X2ls7,2144
WidPZêîElû,74419,êpzvL7îotn,49297,Xa7ôS\I4ks,94222,sy\QU69pB ,78271,4pSntZéFy ,48869
EoMBGC\Bo1,87600,NcêfIMyLXF,9184,KA/dRB2îdb,28585,ZzLgê5Jèo/,25349,1FVPAvgâdD,56112
0hBPçWPm8J,93599,CkvxX4rSùd,74942,r/jtéMrçjP,,6gThMEértô,88756,c9\O3JK3pF,
EçWN8\WgFG,36521,tûCeaèxFC ,30501,8ô8p xàymb,63478,ù6EOHiuhXM,28984,JZyOùMEXDd,84728
jClKXn0psG,93687,nzXa3uYOT ,error,Lrt5gUkeaz,4712,ûh3AO ndC4,96832,PKhkMàgvâT,N/A
îMv6HNyHUâ,92921,hô 4K8pWQq,61152,Y1qMEJ6TRà,,KgîIàdBP3e,91964,îoSiîû/Gf6,error
94CbùhV384,26937,SHZm2âcunj,92960,8tghcZsàN3,22082,62éVânSnWé,32669,ôFgB36LoyJ,93889
rRtbxKgkmr,N/A,8Vâê4IçcNL,16210,ôN3fm9cYêT,74877,NGN\9te3Y0,13451,Lo0XèX7/5H,71041
rxR7OéruIw,71397,\Rd\3p1pôC,38766,KçpjPêçftK,76413,3/YC8nlvOs,13083,RfI0bzjw3x,98697
àxbQôZhç8W,65319,ZMVVB\YxK0,74130,izEDZnMSiP,98632,RRm9P9xB/P,49378,mgwKzj2ECù,58914
uûjOZsxCyy,79558,vFXPNoéîVL,8091,êvêNc38qf4,81810,2Cà0c/A\Sé,68924,ineFFôgGés,56391
côyéIcg9R6,24953,j62uY6MD 0,5605,BùWlOtxI7G,26334,yV6I7u3éçp,60074,tHûcuuWGxC,59380
VM9gysî PT,51841,vNghiGJlA/,94105,CTQbDi8fQL,81660,h4KUz2xNc4,N/A,YAlôGE/Wh/,47309
éNmIùicEoJ,82486,JZOXVTJTîs,56541,FûlôûujoBS,24693,5uNXOî0eU9,55571,XVAQç2qS5Q,23591
 cJPîNtpNp,79796,9MètibUceV,N/A,l\ xjkHhGB,26206,YTCkbKF6Wù,error,Lsb0db7éJa,7483
O/aIme MRk,6701,8Rùv0ûlNZM,95761,sufirmCz4X,99343,dvT\noQ8X3,79573,XYEqxVMî p,56736
Zb7âXUhf4q,N/A,QY22YézYU\,74059,RhCxxY\0Gq,70570,eBZFârxmYN,35618,9za\ohsFTg,44879
NxrBz5/4v6,77903,cYc8ThBlpp,93168,KnZ6B h6F5,71250,bZtûpça1èM,73909,cZ4sY Aûty,71123
9rcSLrt9eG,37678,bxBBrqgv72,66340,UfpKIGç Jr,19359,5KfLLU7ûàé,108,G4kpHàô Pe,63223
lùq5Y0U6GS,75985,àCFeçxGEH0,10502,6fé/F58àâ1,46863,gctN32coV1,50329,êAJAwSFùûû,N/A
pJX7 îRçW9,69808,j53tUPâàzD,N/A,Rr\UkôdIzô,37155,\2qâR3ùFcc,12054,tE dTGjo0k,11299
à/2àxwSIç1,90382,cGuGQàVG8\,93931,5dKYQvlùPP,error,IUeû9CùMqè,70237,/èMJî7q1ir,82877
7nzfîpS95à,94063,eIwNsYCfêY,96363,0LqC1âIAP8,18995,CçlcT xrYU,573,KJdéûJ/JGi,15925
7eçb i Vck,93339,t/àvSbb39O,24512,You6hLODKM,33249,2\oJpP5Xâj,90349,Yl3Fm9PL5z,65678
2GL9ê18OP4,error,Z3W4R6tqp\,89212,ndUzK/EBa/,24993,âWb4ht8/Zû,77664,Sl6yô2GçOA,2220
wQtà\KZoi1,54895,ùà\CéUûîqô,43023,Nq5ebUylgX,99628,xenD/ZCfw3,63598,64KZûjdV/P,67791
êjq2iùâZKH,88644,8à84e1âB7U,67789,dKMXjà3nfp,98132,t1WPB\QO4â,error,MnSBéyb Sû,77612
êqùV9 hXQù,21592,IwhqdéJ1fN,,Mu6ZD3Rôcc,31280,zkN tmàh00,90546,oMméhpHBa4,9736
oiDI9K14IC,848,/mwà0qESDo,82795,B1qUa5UNIV,5950,vO31iKmê5H,25064,y0Lg 3xHB\,N/A
8htr7on êK,84526,èâdLWbHiyC,25069,hPWZjloXwQ,70155,8bèlI v4/è,24172,vT/V3CXeJx,12674
îCéM4f9lç4,81721,êlêflJûLDç,80515,Xw7RkxuYIk,26519,e6mçyYq4uà,57030,FW\GAéùsèH,error
Ygqç/fdTJm,38876,XBùmgkSsPR,16990,C\/d77aeKR,47624,hoTèv\rF9O,74976,b3àbOHWLJâ,99362
VsWYKu RVô,31125,/AA3çQQ/Lp,82400,MWû2loùRdV,82864,TxâcHUoù l,error,l\KhaS1Rfd,77155
UgM5êqCyAU,55268,zQgEIFnODR,48866,r6oâdôa6/ç,32673,36CfêTûri3,39140,dbâ\àsG44é,19682
Cxm4ûgU5FX,N/A,oêIaKh PZb,57234,P UîiX2fQI,56933,RJYZZîNCQh,14432,5î/G1Um8p5,20156
Mt5fBû1jLw,91845,tm5qyDW\à6,1410,jdr11BlçûV,50548,lâwà3gqR7f,80316,wUZyk\3hAj,99119
Keà/3oâv9L,error,NNdN ûgCè3,36869,zYwiOrMDD4,53552,yjài7WixHp,13702,RwpâycmXîm,62595
atnAOwûd8k,14870,ùGCmdê1F6c,error,eUT M6LckK,74922,wçaeê5qp9U,46473,K844V5A8 o,27799
Suz0è69hlN,11788,aZI58HfIwê,528,CpmPjdYYhD,23298,Y9rSX8H1iB,79865,FdVà5wWi5m,10049
WlvvçijIva,78636,rHCwFrb5r\,97884,ip9xùZWàNN,56484,9koEôU9PYO,42024,zE3YDNr32ô,97695
nwVè84ûmûR,,Me8vGwXpVù,66449,MsôovlKùFQ,52553,\ejRaltBwH,,rJeoVRH0xu,50911
 4FVYEwEêU,88667,bEcQIgHC2V,49904,zâê83B3\2y,31256,îbrHtyàT1X,7687,47fFfX6l9w,49540
8Gp5téeJsm,87919,Chlwzyd7wk,76594,5/bjôè5î3o,99987,éI9vNzbùCt,55843,Jqèç3 èG5q,93035
kz4J2wZêàE,,LIOz7éjKEé,54780,JMlE\iszéz,43666,YêwSBô2oZM,54190,èMxsnMg\gv,60142
DTe2j9Zêàâ,46891,Eéscâf1bàà,46087,xKûft4C7En,3426,ywN10MKhKi,14817,r6éKûvôUû\,55554
kcqùoVCpôe,62139,i23XeûîB8y,6150,Xge85pXGXP,96616,v8rêjI0O0m,88727,RZW B5Jç9ç,28805
QAhGbyâûtd,76374,GC93BtzNea,74346,bg 5TzîgDù,N/A,BYQSmIJWyz,75907,rq9çM\eéP0,error
L/smFêMu7K,error,îPK 3ZT\ 6,92019,Zu SCtxyEy,27560,3dnêwzQWJh,80348,ùéMmfûLVIG,30526
jNolùZZRhq,79875,LouFNnXrdZ,75899,hOàp2FbMH5,52102,SuàpggGTFG,92311,yypqCKAhôb,
lA0qVCDegU,21151,\0ûhyy uà\,14021,cUftLLI9é3,80686,eWèèIlA\5T,55588,7SY1ek\eé3,66407
mw6Pêpu6Mn,873,LCAg1nSyet,42246,ùrGUMvN1\D,error,TbèbqQàvîr,40394,qxc79ffSA1,75537
a5éhw3KzqE,40557,efkv/ùou8m,91725,à2u3éçè8WR,42119,g\yo1Xçe8Y,,Xjûfsjoimv,2505
200nzàIKaZ,13724,4m6gceR\ûq,86471,ôîàbîp6tQf,7554,HwjJQYzq8e,N/A,RYèQ\ à5Nw,17104
êCekKRNLOà,32748,8CrûCFaç5x,78854,j4byéA\Os1,39055,ez7çWGxRuQ,41421,SrUûDi7eàm,
VQzRL3àpnN,42180,SnQ1WQ\xJQ,85936,OSjQzbdUF ,21772,éC0û êTRrc,96894,/zcUWApqVc,93732
âVrçcèv Né,87051,o7EdnwP 7ç,90983,PwH1dWGw/w,77975,pfGcéRkàwû,9658,yrHr0êWK Z,92960
hlL5jf\1ù/,18793,sO1KRXzN u,20202,8ynRh Ueyî,60317,UkiôUGkz8f,92293,ttrq7M7mêp,17512
0 Z5Szyabs,72522,LCXel0oZsç,36281,IG\aè6êâz3,21368,8wlPxAôçèù,54561,vPr8qjGPh/,9410
9çnrB2dçê5,48363,AuXiahfaço,64748,Qtlf8çàx\4,4952,1SVRnyhynp,61114,TbDIyçSaZ ,94986
eMtàVhIeZt,42630,gOuJdhîl4c,55859, fsw3A23jc,96599,mif3dLàpqq,79642,àwhTzyG kf,43348
koUkRpoîRg,252,êûé T1B/b4,67027,âhIMMKaAûà,4586,â5éfj3JcBi,40595,gv\aymz4Aù,9285
àBqRxàV0Hy,42606,qSHU\5bqBU,74561,QîsGs7Xgî5,56274,êîztswt VR,9060,q/c84U6JuU,43250
àYRvYêî\x5,16168,P1haî5ùXoâ,55868,TvLrlNpJ4n,85252,âNsEFJHHYL,68392,B1bLûYHddu,66596
PLçipxaFlF,,1gCBhBa\Rw,55635,z7èLwUeN7T,73545,gN40Z6êXNC,69162,cXyuyDhoEJ,N/A
sXmxRvQlui,15923,vYSGEùtc/c,48740,VmVEVzJZ9H,N/A,tB7DY2M9ùO,69047,QyvêQaWaJù,20808
7jZF2a Unz,74352,qRzVINTYlî,99521,GBK5ZVVèN5,13446,èâaHqgànéc,26258,OEêTIzûôip,99066
q rxf5XT8P,19857,VôçQ\têvûk,12162,V8Jaa2UFi0,53259,IaGC9ugBen,3215,vxxs\O8cOv,69245
/èvôF\MTG5,35096,W5xYBXZkâk,18947,lxDAXMnEêl,88848,Le9HBZrêaç,50275,jF à FôPdè,71678
épnNqùyô8U,8301,ézCy4XDu4F,4357,î6çror4èj9,60499,n0èGuCrfîy,29552,o1DbHôM/WV,81399
Xtc0éKèâKa,86098,9éWèââmôSy,1266,kWà6Nl1 qu,77048,uVHr/zzaàJ,13732,ZSUkîGsô6ù,46290
\éîwuèkvSt,12152,\BhhnjK32z,43928,bM8xgûoéFT,11590,28SREPAvY5,64430,égx\à1skng,6425
biR18FvîèP,47381,7âmwbçcgX1,14162,Ack7iR\uc3,29249,0Y7c5IkêrE,error,djZ\cRYeWE,72221
zHbô39âAUà,78645,î7yZqXUeHg,60680,\eAm vJiBh,23928,CèéaDPîDj9,97668,ahWfwfcn0o,317
Btx89yeQ3g,,AêYq\GtiXz,32065,ZhuQwJ0qlù,87693,cp7W5WA/6u,5607,/Fte7ZDUY9,86213
hgV9céSzàg,56703,î/Ow1ôfOPu,81175,6înBZW à4é,,TAQqe4X8c0,93187,gçL4hS23Ez,96573
E9sBénAOy ,44070,rjgQèrWèGî,45686,qrVzG3k41r,34909,àqUpMGW/2T,39629,uèô4LV54Ej,36148
Le/JgA\Ièé,N/A,àm gmkêCgl,96122,NOpUù rYAa,55038,WîPtQbD0cà,81460,à9EbEf70md,51036
îûvVAR5sBc,36212,1KêLtGWôsp,30948,EfaVO72Xwn,48382,M\Jrd/NZLL,54328, 5çFWôEU93,49348
IkqINct7 i,96953,Sbsz5dVàM7,10983,FvêVTdFTfP,34139,pnHè8CtYH7,47284,hjtyriiRvu,45788
éKûhWîwTuR,9426,CNôûxGiACî,71250,àMê2uZbdJ8,57287,1éêyçlFo\i,71295,wyNiC\ JêX,2914
UICQZeçf2M,24503,FOOJy04v/9,49339,bdEWQK9dN7,30691,Tz3QZSvXCé,14137,4WmwzVuAû7,error
Q3ôCYPgk1B,53672,ûoKûT2bSô/,52003,t6BTTQ8YsG,27701,EîMêIYih E,7386,cDmigà hLè,72837
4NzO6èe23û,error,mk\281uwro,17927,vTIY9nê7Na,80168,T 0\yfYsj8,49214,l7m5âsL 4v,77607
ôBù\wç6ZîF,31731,aûg\OUîîgF,error,mûofùgE\JO,49746,iX\6wB\gDP,39419,lYDq8heHLh,33203
HZw\îLh4ôj,5478,éUXà3ô1Kùp,N/A,JXIf1ôyN8j,35697,ù0GYé6êKrN,48284,yYSMèOIt6j,43911
0SfuivIkcd,54657,nBE1M\x Zb,92056,hljç0F\ûy4,77113,û3XâûziDHD,3126,ôp/k4û85oR,18302
éS44jrMUcS,1931,ShèJcvJâît,6467,fUnOHWOtE7,89018,7seûXc0jsO,49186,31B8GnfC8X,62840
tEUzzTsNgA,33639,8y ll4rJgv,62264,Nc0caxmVUû,27055,9ObkâSéBTr,99234,8OA6MrZ9M3,58525
sA6àMcyIXJ,76881,BGîyû4RPEe,52824,ùxLUWv/êat,19256,Mâ3XàAY1tL,5081,4DJqù8NLl9,19976
sGxWXnIihc,error,3ùzwI\Jéq/,53209,aJMélinpvt,79437,FOéAylP4z5,44238,èIèQoJK4Zc,44899
5fMdZTWjp7,64073,bAàvâEx8AM,77382,k2wôypGXq2,39075,YfGW0êZîOF,48100,F\RoOSHAFi,43649
C/Tj1v0Lqo,89391,Z\9lR67In4,70872,oCufd2y8hu,46432,â0Xà 4TnR9,77715,1zk4Qe\rVu,75770
ELnzvGmîqW,19004,TPbukZMvû4,19941,aHUbîMH5àu,18903,fR3KbxyTIL,95457,DCHê\e9uYd,56743
Ai7eMCfDES,98524,wqKnLnFAIE,81695,J4ofIàù\5/,86057,dnR ZéNé0E,39134,IG9ùHû/4\R,
l7hBi\oîCB,92497,éXEéhûe7uD,N/A,0T0J\vxVfb,8319,Mjèôé 3azZ,58206,yû1MFkQmxM,66261
îDqba\tèaA,32787,éNypîTMKib,90157,Zkfj9P 8zV,81879,5vUUiu5J6\,6456,PHâiçHju R,59253
Zj32\mgC8W,55896,éh0cAâKmçY,88337,çRmOê8uXôê,73909,ùC9L QJcVâ,54105,mswk7wsl4k,23914
9NFTxeT8vG,26467,Dèi4Q7LâS/,30441, Altç1ZXRl,90432,GIbbxzêizv,38867,1PbEKèWplI,43504
HWTèK9RGO ,47911,VJaYfMsdWS,88403,Neûù3HuPGî,54503,géwHIu8pEâ,66808,CLfFuPpwul,17872
ôâîlSTPHGo,5134,8môovçkîyY,75846,Bppfè Faaô,20503,P5ûEu/u7T4,43350,un5WPoPUhû,9779
