Colonne_1,Colonne_2,Colonne_3,Colonne_4,Colonne_5,Colonne_6,Colonne_7,Colonne_8,Colonne_9,Colonne_10
  9Uupcj1,63289.0,cpboJ12mB,44276.0,d2QrnB2,44945.0,gLqusMe4g,,jVLJO\eG8,88162.0
 /vsWVQ9b,81471.0,itSt7hx aw,6151.0,onXlI23B7F,93175.0,5q9zMkUJ,32836.0,o6nRScMGC ,57550.0
 2/3EzVR,77827.0,nNzziPy,,6TLYzbTHMg,62232.0,o1K3DScim,28814.0,vTO5MXgR,9917.0
 2wgnLksD,48744.0,7KMr7Wd,42786.0,HFyz5rMshe,87145.0,oXoHZ0Ga,50654.0,ErK6f4\,59670.0
 ADzzzvuAn,70851.0,9COCpL W,44766.0,igxaxBa3X,76936.0,QvhOGLyZq,,3ryiNGeFN,
 AaapSy\,48966.0,c2icg/otP,17104.0,yhuKxH9H,376.0,JvWm7IFM,82999.0,/H7KNyDMa,50875.0
 Aan4vnni,22941.0,qq0/G1fIo,49137.0,QgeK8Z2zHv,99980.0,ZUtfsPd,,D6w8PXy8,37932.0
 DHSmCZxmb,70105.0,FMIXlLky,28429.0,jBHg37zb4,94859.0,ziKKxbV,32960.0,LKgNvThT9h,82414.0
 DM2QSn0,85549.0,r5k7xAjF,12673.0,3F/P8tSow,80322.0,2jLZq6mno,41841.0,Om6bNxSig5,65576.0
 JAeZXtmjL,96159.0,iPspqGHIR,52704.0,7sVKZBSc,7114.0,IdGBqj8B,72148.0,zFba9/Hr8O,34039.0
 PrFKY ,65264.0,tnxSbnaZB,42472.0,i94yiMSw,29348.0,0MJc\xSuP9,59353.0,upUT7hD,60672.0
 huVnROSU,88590.0,hFP7lq1IA,2254.0,NAUV8D777e,41860.0,HBepjJpx,,n\5ySX6hM,40740.0
 jW4OX0eu,38599.0,44bs\pwX,71133.0,yo6x1nl29,59728.0,bduyP0xSx,73312.0,1HRLzut,36854.0
 kGEMhAd,60253.0,53Ij8H,90916.0,0e3 Vrsjp,,X4mD15\s,83937.0,5aPgtse0Q,98758.0
 reOFrM,,PwHGM 7SE,83841.0,AAYuUJP,28423.0,j4vfLrmPWQ,,MeFmS0SD,37652.0
 v7lrRNj,9284.0,XTjBSZitE,78137.0,cnPLTks6H,,GQERNMnOXw,67928.0,3YR6xmA3,
 zzziPDDp,94883.0,E2eVMk/0L,16707.0,PNBjxHjxX6,49904.0,yfXHaaQ99,69538.0,bAHeJnqXuq,42268.0
/8BW/VQl1C,4923.0,hS0st VR0,26626.0,FaJtfjjIO,15731.0,L\4l8R2,71195.0,OBDL3ml4,15382.0
/9P3fHQo1H,95578.0,Zv7KP4Hl,35001.0,KJycaEkE,82680.0,MTfo9sj4,34071.0,braES5oG4p,66930.0
/BisHsx,5339.0,ikbJzCH\\,38449.0,CntD8h9,56768.0, b00QQO,65750.0,oUxyDlIBH,76300.0
/EYHCALf,2835.0,LhSwDaT0,38625.0,L0Kkn82//,35794.0,99\K3uC7T,54358.0,3Nq7PYh7,81623.0
/FhbNEO \,,XTZbhoP1,55830.0,M4kcLujO,,Lb8V3fby,24571.0,ubN uPm5,611.0
/I53EeG/FQ,8641.0,uaUB2vNi,18521.0,xn/qYfBwA,69768.0,xvyI4LoV,68536.0,9TxOoF0,93830.0
/N7GeIJmGl,98879.0,Y6Zh5fki,86278.0,cYgxIM/,70063.0,AjV 5tYUF,18506.0,aMMIrfA3s1,41435.0
/T6eIFrljC,57410.0,YTI08TduA,93286.0,ruB43iD,26122.0,6tJhAWGr,932.0,sL66rWQ8j,26409.0
/aAfdeq3J4,61211.0,\45Cbc3,10062.0,M6N6CcsENA,1914.0,SlPZicYnx,16106.0,f3Pobus2d,
/aZnibGs,73744.0,UI4N h9m\,51147.0,aRG5RPSUX,19705.0,3VskiE73,13631.0,Zys1V1LL,22465.0
/dnYeI/,30086.0,7SEc/NH,10454.0,SPDWHbSz9,83401.0,sgnHcTwk0,,s9fzf\Ya,26144.0
/etPlrVsXu,19287.0,duFo43N,86094.0,5Y3nvKibO,91182.0,sEB6bqg,86281.0,4X\Zkq9B,46409.0
/wf9yEHI,18095.0,QCNd1jend,92723.0,ftUALwbvRf,49890.0,T2g5jyA ,56636.0,K1/H/9RYLf,60272.0
/xlAFwj84\,52557.0,eNycj2kdWW,73165.0,d6bzEIfbA,24925.0,lT//GSL,49772.0,b r/Girzf8,24188.0
/zoI\HE0kK,79167.0,J46 TLmT4,43554.0,7mZR v9t,95358.0,\8u M4,39816.0,pP2oUwUqf,38938.0
000ltLbv,90349.0,SKr9zqs 4,82029.0,5tK3OG0,10597.0,o\hM6CPl2Z,42673.0,dy tYPl26Q,68638.0
01QFsB2C,52075.0,5Uv0 8x,28458.0,P1vDjGyj,57940.0,r2CZ9LT ,99628.0,r7G oy\MS3,14044.0
03PHzwtU,5251.0,kBriaoI\y,20099.0,V pUkVY5J,6757.0,Bj20kobfg,55815.0,x86SMDRKR,46772.0
0CI\2LIS,84189.0,05qD3/v,4665.0,VokpUfsql,74429.0,Mkf44jXKhh,65234.0,zPxUXbUq,97804.0
0EjqY2gg,52680.0,OKLLYI\,77623.0,wvxG0mSsN,38020.0,mVUBitqYC\,10648.0,wtmEZcpeW,16597.0
0H6tHiIwf,88032.0,xZbRf/j,553.0,m8Z9MqVpY,19960.0,iHg0EX,48812.0,3lfe6vud7,38943.0
0KuEhV2l\,86345.0,nKuImHa,15429.0,G3iwpMyi,95013.0,YA77z2GC\,93920.0,rEuQluP6er,27891.0
0KyLanq9nO,37167.0,gWpQgPqCo,28695.0,TBdOkLN/,52656.0,r5W74J1IC,62182.0,Drp2HUh\,43890.0
0LJASeMsz,526.0,sju2Bm2Ei8,79956.0,M/upEfWXSp,15429.0,6rFJ0sHgCZ,50470.0,agW4o,10614.0
0g4ntr9vM,18050.0,A6j07XjIE,60013.0,4ItOkl4er,40996.0,c6N1ppbUf,14190.0,6SmO89XWB,60867.0
0o4f\Rl9,58635.0,Zsi1aa6Pe,99262.0,xOQ5jsCC,41514.0,TMFGwRfO,75522.0,3Lzvj1 L1i,62559.0
0peA\6Eid3,28886.0,pG5kjJGVt,54988.0,nfejlsZ2,,1xCuqjG9rc,,bJNvE/Hz,92330.0
0sVjH9u,93095.0,OndXatrv4P,15523.0,mMnXBa2o,44492.0,ddJjMdmWwl,,zsPZtY4Y,23384.0
0sWgq5949c,1005.0,PS9tQHk1i,92085.0,mqpOvbDx,90467.0,kz/XPmpldr,45119.0,mdchlVbPA,65514.0
0y/oSuyEZ,39789.0,gZg4GG6rV,51856.0,mIc08/9KP,39791.0,LsG r6vZ3,,EmJF9gcL,83441.0
10FxfFW,66242.0,5tvyCEX8Pd,37328.0,T85TZSQql,18909.0,pMNkk8oL,88409.0,XEdm22i0Z,2616.0
113R8ExX,89412.0,A93CeDkLjZ,71810.0,JuILtE\R,14820.0,Oxnd9ykI\B,17713.0,87bTdX,17339.0
11MU6lXuz\,54978.0,l3e\m,22601.0,a8rE0oGe9,47613.0,498pLajR,65399.0,zqoy6n9ZU,15789.0
15ECeraduO,86373.0,G\2X9ETZq,36561.0,Xjzh BU4s7,42429.0,7ZKpuCV7,25936.0,HY6Hbhrq,
1HKoQsH38,7885.0,kZIJ9Hl\,26056.0,d5\P42Ov,22715.0,H6eAyC /Ew,76841.0,3cKQ1KEqA,51992.0
1IsLRgi vL,1979.0,Tz Ytberef,8574.0,v/FK5YvYz,18244.0,Bm/qDx0XK,1955.0,bYWpTAQyn,23703.0
1K9vm2Kl,,yTqVtkxjdO,46498.0,4\ugIBX\XX,,dhaow8TUd,88412.0,xCnNU2/Ppk,8219.0
1NvjZggaD,97196.0,xYm/fuQY,60365.0,ZpIOoE\o,61029.0, Hgup2P,38116.0,7UtahKy3,71541.0
1f0B Q6T,23785.0,UdD8Wr16h,,AJuqRMWcNq,84341.0,Aqzh43hRtb,95914.0,Pq6Gkn4i,98568.0
1fsm0bWP,42477.0,g8et/O1bB ,62972.0,RjE7VMQ,98254.0,T7Lzrz\Jf,45964.0,06T4uGrpv,66113.0
1fu5J8oKW,26262.0,ZPj6xG,42437.0,ztFangpJ,93125.0,aTVYo3t0,81636.0,ZdlfMuwKMa,45814.0
1jDJ3b,95551.0,UX\x7RRg/,36236.0,lY57rxKXDf,86242.0,fOyYpHb,76988.0,Ca9YevlRyE,23121.0
1lJYpBcx,44334.0, FUEJq1b,5037.0,g3dgDRN9Wl,95042.0,hfvmiRZd3S,42052.0,Mv7hHH6U,78206.0
1ogRh9hc8h,40788.0,CpK71nNy3,792.0, pUr/uMlBh,19770.0,oBQz1 7g,37472.0,ggd7T7D,32349.0
1qTdtg87u,80971.0,931RJ4x9f,44006.0,Q3Ggcjse1,26060.0,yBnAc7wAu,41776.0,em\vAMOQq,7049.0
1rD/i8qAT,79487.0,YERpjo/,31167.0,yPFHtd9C3,99294.0,8M0ATkOxy2,5842.0,OWnDVMB9,48633.0
1sTkC0Np,86865.0,iMrce4Bom,44838.0,0LFNplqL5,82595.0,C4VIDLViP,,sTkdX7PGl,
1waRWBL1,59272.0,RWrKyBgSE,57015.0,/2Wdyhwz6,28581.0,zisnl7oVHv,19599.0,cYcR0E/Y,19370.0
1y/9lj01In,84489.0,0FTexUbJc,57865.0,\KI1Qx 0L,49905.0,jMmEswh,2494.0, eQAOUEDBN,22174.0
1zcBWeywcl,,aZ\UAnvTN,77071.0,6Zn3K4,94764.0,IxBAetB2C,74659.0,mRzTfXt6,98230.0
2/Ei3o0qYv,61063.0,lrRct4F1/,94610.0,pk8INCEJ,55285.0,gr37NfQSr,51140.0,Je1lLwc8z,50696.0
21dwXdh0g,,XcWSFaBP30,41289.0,JRnKJMiWQ,37684.0,XzO0HSc0,38989.0,ehnfgppyv,15704.0
27GTCIe4j,97625.0,7AtMt3Yh,17587.0,UueRFO,59533.0,vcQmFdyNI,82917.0,PRXa7F9O,36609.0
2Bnp5H8C,, y1u9h8,48204.0,SL7kgaEjH,35705.0,v7SaZzP,75688.0,hRVX\wsg,
2ENpB,39196.0,6pepGGI,32301.0,VtLSjka,86374.0,nFlb9uLx1,82187.0,TMvVBdvXN,25824.0
2Fux\ vJ,1696.0,1b2\\6Ra,,t f4uNz\2,35446.0,83dfiRytJ,39960.0,eqaSQoTWZb,1196.0
2FzF9Gka/,50148.0,v2FuuM6z,1401.0,8HZ49 cz,19989.0,yCMBcKhQ,69810.0,sUHrsmtD9h,12124.0
2JaZA21Jl,,30ect6CTXW,63045.0,zLxBAQV2Q,14823.0,Kn/RlNYBfK,38026.0,FjcAYww\,38326.0
2MeubGL7H,6323.0,vsufjIKu,47813.0,I7B5FXT,57621.0,1JTYo6k99Z,70561.0,9dzwaalj,
2N0E/7Wp,10244.0,4GInSc8M,3750.0,N\70k2FJ,67340.0,/gJSKuQ6k,30160.0,SFPf/X F,79954.0
2OrzdAtR,57080.0,/8Z8jOCfqv,17956.0,JlTInn\z3B,76654.0,3\1uci11tB,44991.0,OceWlSbjY,96835.0
2QoA\x7,54072.0,tijSiQDJ2,,vvt QTKjeZ,28793.0,M\VbH997y,5419.0,F8 JfvN,45788.0
2VHXl6fkG,62633.0,tMgiGyX,60053.0,Pb17LR/34,93323.0,jNLbQiLsI,31532.0,l0HAP\/s,28046.0
2XXPi2D5mp,,KiEsEIBY54,62369.0,XY5Nyk0ab,62094.0,Mv9QGMpGX,66499.0,2L7Ar/M86t,72182.0
2kQUoLTdw,32026.0,qeBg\qBn,26645.0,LZqkN89fl,2096.0,56G6n0Yy,26446.0,yuoNs10/L,90035.0
2kZVQxc1t,48985.0,Bu 5Jwmof0,,LdQK09eC4,69488.0,KlECHsF,59884.0, SzB1MKRi,53996.0
2ur0Rsp,24655.0,IbInjyi4sp,41998.0,ey2X8ABOY,54753.0,ViRVKpe\zV,47231.0,RHkxSTgKku,98556.0
3/QyREFvT6,72740.0,DCsguUIT,50759.0,iIs UtkO4,,F8ewruduI,69904.0,RgKRXvtNS,
31NLS5TyQT,40702.0,mCLZbKKpmc,23401.0,TnVrthJF,68978.0,9zWQwFTc,52656.0,wonjMcx T,92845.0
3A4jp1ea,66664.0,ds1z0JCw,58709.0,S4Rp/R9tQa,62467.0,dlVzGlasyE,,Qf9S0G4j,57676.0
3E0AUfj,26857.0,m2qyttMq0H,99700.0,TCc5GGnA,38126.0,ddOLf1Si,18688.0,1GYzcQEocW,1840.0
3EXM0Qu5O,1698.0,6SDLo2M4dx,73403.0,kCiRB6,17001.0,dZekuR3Z,86632.0,cvhyx8x9,1011.0
3FAYO6EYD,,Lu50\a5uoq,67194.0,UKgelE3Xf,44383.0,AqmSV1X8,,Qm7baD4LXk,49023.0
3QJFglzt,27468.0,0hqZtzEp,47715.0,X5fTFA5klV,48148.0,j9Qq\BHsA,61777.0,MjrrUVyN,37600.0
3SSjvekIf,95654.0,JLZ8IIkikq,21050.0,vddr1kG3o,61748.0,iGuti6L\,2553.0,XoUCGLx6n,60453.0
3neEyUGu/,73779.0,Uwy7muVZK,,oxx5kxWnFt,79990.0,myENdN6B,92062.0,yu6/vtUf,12242.0
4/jgEjB,4159.0,zwlGeVy8,39940.0,mrkkTtYDt,64912.0,JtYfHmKhaM,48000.0,HbIEjBlYz,
435YNSeT2,2717.0,N1F 235MR,92150.0,uC7DERkl9t,67626.0,xvaRpeqB0m,86147.0,LVdoqm,50775.0
43fLcRzVi,14077.0,rmQmVNoX,3352.0,UNWgOx2\h,94502.0,dgqBiX8D,90027.0,9E3ayaVKB,89062.0
44fSjCYq,92912.0,SzqgIT03z,50480.0,1EA6Efpsn,23109.0,P4fK2LcPB,55948.0,DDcF9ky1,208.0
4AeYXyu,92273.0,rgOpqjL\w,38758.0,lnqzl3Mgj,33272.0,Gx1rYWup,88122.0,GSxKdSd,82874.0
4BcjdyqUh,30678.0,OwDY IkGTK,96898.0,7XUE87Nxse,,5oKCml7xc,,cJ4JcnNG9,
4BkhvjT,94102.0,BgRSjaIhY,,SRRqWYAldL,62441.0,aw bn461,14881.0,Kc7c79sb2,66240.0
4DnfZO8GA,40659.0,ENbdVDIss8,13617.0,oUMVUrobVu,,ktKbTivP,22001.0,SsPHoHANK,62990.0
4El8vy3e,63012.0,wTCBVn,63778.0,glqofGIpm,57730.0, A9WLynGPW,29104.0,j5X9d91aB,63524.0
4T\cTD4jL,27023.0,2AoKCsEqK,49280.0,q6zo9l7Qm,24651.0,q4v1uDmV4x,22099.0,tpDDgd3z,80729.0
4YJxukvl,,k4wG11,64189.0, 3Kt gHR6,1435.0,IEOekhpzXg,84797.0,se/y\Q1TK,78122.0
4Z0\YfIWm5,80072.0,72oJ6k13,58391.0,uJoGGJrfkz,52887.0,wnJP6pJNB,69606.0,Vk5LztsTi4,49891.0
4eLq4exaYr,19384.0,vMsmvhGdY,95315.0,fK/9djKSZl,9489.0,doHijX6gg,53632.0,xc1oFqr8,94163.0
4eXunII,72811.0,ilR23WYnZO,69469.0,BsR4IRpuR,11168.0,cxK4AAMZj,66900.0,HpEszP3gX,53245.0
4h2hird1 ,85484.0,EMkivYMv,54813.0,oWvXDFzHk,81068.0,pnpl7e3,26999.0,u S2tM,34502.0
4iezAVrY3,36612.0,1Y8A0Sax,42203.0,Ep8j6C HU,23625.0,tDVJNqHj,2726.0,7jG4fD8z68,62701.0
4uS4D/JhK,20741.0,Ai1fzi9X,78621.0,2C5WsZTJx,66821.0,MP\HhPnSV,88805.0,\hKQWBw,69099.0
4urIz9Lb,93471.0,vN3llGJ/,22194.0,aNqpo9Sh,81246.0,u9DXfe3fk,83068.0,aNfX5/fA,20917.0
4vq6f1us9f,9254.0,Pkb/bw7VM,24227.0,l7rnPehRrq,,62PcZrlzmO,26419.0,M5A/JorHS,48151.0
5675 mwSH,58990.0,bXOU2\mtY,30617.0,d\gZCMxAv,,spT tU4v7,91828.0,\t3ZFMQWS,94865.0
5BSWBMrbYA,94998.0,1Yfj \sfw,4415.0,zpy1zG1k,66865.0,HouTFIu,39925.0,pM3bjqqs ,6844.0
5BwIo1buQS,98283.0,HgKpZ uU,48912.0,pTJJu2zv08,30241.0,UVT/EZnF X,53082.0,iuUCQF9A5\,16266.0
5Ck0r8b6I3,36866.0,mxlAzGWY8,48848.0,YowWpOu8uc,61971.0,EBoROVW,73660.0,NeR Y5aTd,3382.0
5DV wS059,52081.0,CVI56jsZU,59288.0,zVHlUoze,76707.0,PaZSI8S52,,v\u5 /TE,26595.0
5N\GzcS78,42906.0,Lb4trU22,77870.0,l2m/2/\xQ,21973.0,09P5Oq6h,73094.0,RJipLjh9s,68942.0
5P/F0A6FL/,16767.0,liNiMtL,46906.0,z27wm5oPb4,48529.0,yIKEgoa,73118.0,OKeFjR05,64618.0
5RL2PyjQc4,39053.0,rG4syzEK7,97748.0,Idm97Sl3uZ,980.0,vZPOz1V,54355.0,uY8C iCRJ,47849.0
5UheVLrBS,78439.0,glIkmzuJ,78411.0,seuQcgZRT,9213.0,OPMQYGdQ9,74631.0,eLU2 \UL,11547.0
5\ZAFBx2d,33771.0,02Vzybh,86691.0,7wE9UNOJoK,58963.0,B\Z1c6qv,87894.0,bWzmQ0ZNZ,45624.0
5bgcinZdFG,43731.0,dyHygAKNQ ,91637.0,\K9UxmJt,8573.0,FU\fwx0cjT,4198.0,1k0h6qj5B,43617.0
5bpyYNw,95893.0,KTrwgmgE,21011.0,5yYwBo7HB,62983.0,UcZMKUHiz,92622.0,lac604V2Ft,18736.0
5k8B5rg7m,38587.0,sEz7XbKP,28755.0,\JYyIbDqZ/,34553.0,bxYfseJ,39571.0,nfdz8MNvv,4095.0
5n1GAW8f  ,70193.0,0p1x cBj4,87372.0,Gv2O9id2EN,99530.0,VUefLDbmF,99453.0,uYouD7Ppj,30665.0
5s8A1g35JA,,xnQLxjSF,11544.0,4 3O K2kmq,55823.0,uhB0hRO,31995.0,9nNBWxP2,88187.0
5yTqdEtxZ,4354.0,dW8g5qDNU,4122.0,VrRlmYG q,18016.0,IhSYnzV4x,59893.0,FMalPGMc,62598.0
63AMOmzff,54395.0,gbeeGNBlJX,92673.0,s/mE9wVDP,7488.0,lizsONxC,56439.0,SsFsFomI,42987.0
6Badif1e,33178.0,ZcyMibk\d,68921.0,5B\1A2f2um,89.0,\IZ8j5,30012.0,z3zgltpbat,27903.0
6GBp/V09,4828.0,Bmb/nBGK,28300.0,s/v3zB5Kg3,70473.0,dsnW4byo,55937.0,PCTfL8zrx6,57158.0
6HtoXRv,70947.0,aIsca0MOo,17690.0,MKM\W5bJd,78310.0,H2f2nJFPp,47066.0,3rd0ymEqhr,21073.0
6NRakk2k,,\zc0iNxom,50716.0,om1Z/DXcmn,66930.0,iSF8 Jl,43814.0,EWA79z4VR,15879.0
6bzDEaTK,39074.0,1Onx467U,47531.0,awV7PvYj,21092.0,8vYC4Oa,30205.0,gzruX,43050.0
6diNO8i3X,52561.0,3BYUorzke ,67390.0,DO5TIYsnq,84125.0,WfQGFJJb,42523.0,ybJpD0out,51059.0
6duIqhZTE,53279.0,mhjZjjuL5,48801.0,fsHnU4KOU,75486.0,U2fpd5L,98419.0,W\6CSKKNg,225.0
6j CceZpJ,78565.0,LvijalW,38942.0,CNBbj\O,45421.0,fFQseT,50293.0,qm7rvVFgHw,76092.0
71 OieoZ,93285.0,MM1OLmRQ8,54063.0,Odnxp48,30186.0,Vknd9C1139,20441.0,T 3jaljqoP,13996.0
73SsWgN,36885.0,UEPMwLKJF,24079.0,qcznKcjN,79276.0,luh2gHzN,1628.0,LjjxBDbqnS,76766.0
74tydDeUXT,96897.0,Q5k50nJvAW,37920.0,dVUvVToA,8484.0,9pudHO3x1X,,qZHuB/DBmI,1604.0
75XWmn6,2703.0,bqAbaX1BfJ,,I/k8\QHmVa,87479.0,z7uOmeGWH,70424.0,V6Gg7qRLdC,47854.0
7FgONGd8vh,12132.0,318jUXR1B,65466.0,BOJ1oOcU,34727.0,oVaylELwkk,71394.0,3w 8bf1ET,67404.0
7K53ib61Hy,68263.0,YU0yE8V6g,99532.0,Gkz5ThCt,48572.0,alltUN/\r,35801.0,STnKljrj,52902.0
7PRnB3C/qi,95070.0,vjMmj ZsV,42350.0,ivznqt90S,96555.0,iPbe3Jkn,3396.0,1K30DV/dCs,59749.0
7QERdij7f2,58322.0,CGv4x9,22648.0,Suz7ro5,30740.0,YLK\vO\na,79210.0,1i1kvI2sJ9,38173.0
7V9FufTuME,53070.0,PAWC2oiJmV,62456.0,lH1oIZA/r,20279.0,5s4BfXzjLp,63498.0,O/UMKqG8,72104.0
7WGCOmWM5e,53538.0,KXhsNPTI,64851.0,C5IT1Q,74382.0,8fvx4WPa\A,31703.0,ZlcX8lNDi,40326.0
7YlHEuM08,18765.0,IevW4cRtK1,76144.0,kNAX2/0LPn,,80UpafNo2\,84377.0,qmJb\Gx,1007.0
7Z6j5idOl,80949.0,shxMNLVD05,11039.0,ZP/EY4mNb,84271.0,/0m2 \/,50073.0,1jQipG2G,17945.0
7ZJDb2Q,15243.0,WptoUEk9wV,38529.0,8rNff3rMb5,51404.0,ZCGJuz7gUY,74770.0,7Z0HT3Wqx,61816.0
7a826 xMyB,47867.0,1oJ katcF,63405.0,pHvjyf8k,1080.0,R2dXmSdOn,80965.0,u9aEgcH,8143.0
7mQjpH2Ik,75304.0,tHgpQZVfIS,83226.0,SNTQxvIk,90393.0,0F5n7AiE,70414.0,lZL8DOBxC,61615.0
7n0DCSj,24366.0,rx4dgg2b,31507.0,Pn0Q89V,18274.0,eu4rQzA1l,37661.0,leqwVJDBa,95449.0
7nm/ f1Ue,38300.0,XwmZ70t/,66410.0,RNsQWt6wq,87638.0,OMhDGJ/y3T,98290.0,TQP37mYUN,
7w8DoOTjf,1778.0,/o82XXnuH,75321.0,fcgODp ,21030.0,G72ZAwScdh,45487.0,kPUWh/z,7649.0
86e4Z zhx,44759.0,1J8hJS,24314.0,LCuaXLdc\,,HrSEHluCHg,63427.0,66XGHRd3Jn,65948.0
8DoRO4Lk5,46532.0,ER6RwnLJaK,,aZdk5Wv4,97370.0,1i1lt32VP,10474.0,/4y9k4XB,14318.0
8Ds1c22F,42458.0,ceb1d2Z2M,,kFwMuX,60832.0,disj3U0bp,82096.0,u G/J46zy,9927.0
8H6oZ0O,62188.0,M\GOhTGk\,22348.0,2f63RQyVu,69782.0,Sg6/CEhk,2491.0,HTKAh04,7087.0
8HM6hKh,70241.0,KIgNdVM,48061.0,KsNDTzwj,53447.0,eHX2Bru,99033.0,ILurRXjB2,78386.0
8IHaP9Qcfp,77560.0,5\6ECGcB,39564.0,pjEbdS/7SD,64097.0,Vgdya7qU,1860.0,TlCImBtvM,25315.0
8KtB3DLrY8,70239.0, Sf7ZjiAha,72304.0,A/km3NYTm,9857.0,OdWL0NSH9,27991.0,VNs LXur7r,
8Omt8ZQ4,99745.0,vYZCb1S\,58395.0,j3AKPZr,36559.0,v8kp\d1Xkg,92410.0,JZGGDLOh7,63325.0
8TqHWEu4,62062.0,bmqOLI5Eo,77193.0,Ay/9129d ,62850.0,pciG9tq ,,z3zJ7M5Vvm,67419.0
8UZXvi W5,16279.0,6gKVS1HOF,11736.0,cHoEP6NmwA,29762.0,xBBJw9dn,40398.0,a/PEOB6,40528.0
8fFK1req,52270.0,GcTamqZNP,26313.0,Fb7r9ROr,99350.0,bB65da7X,64353.0,6Zm5YDqJDo,16852.0
8mgKC\F9,70109.0,Mvmd3M,61761.0,dZoguxerBY,28843.0,Ukreb6Jhz,28876.0,z2vizqRqm,53382.0
8mhp6YyL5,63480.0,WkVWp\g2g,48227.0,sxybwr3ee\,13275.0,yy\WzSD2o,13024.0,pD/rY028Fy,50003.0
8nqC\miBCP,58126.0,ZzX16X4uS,76476.0,UeK4DyLr,17997.0,N/vfVVrsa,,1KmXbHmz53,89960.0
8o1o\3fT,97901.0,JCJi1JQxx6,5539.0,QfDPcJ2E,99173.0,fMyOBMaBC7,78268.0,TKYfwCV4,77883.0
92 bNw1Y,74465.0,M5ZLudY7X,66039.0,5LjtH0c 3Z,5300.0,sjMroOVV,18467.0,kvjcjZg3D,77317.0
92OckbUkN,71136.0,nBKrIYzz,81364.0,X506ren4YX,82846.0,vXIFQvB m,78055.0,t05pd9imQ,80779.0
942ceDC,11373.0,nH\7zUjtI,45665.0,txvHmM3p,8185.0,Gyap46j,80869.0,KDpNjAKLH,
98Rt/EeAWh,34654.0,CzOM4CTJb,73166.0,InX8Lc9HU,5010.0,he78X5n51,18442.0,Ot6FV87ASM,40198.0
9Eas OCm,44013.0,r1J3\fn,92001.0,\FFAM9Vhy,96854.0,rK7Z2QEXY,35179.0,rf/Ifq1R,
9Eb7W7\Ie,25363.0,br3nHo3,59223.0,rnBPdJz4,27682.0,3fxaVv/lZ,33705.0,JZ hk1abG,10229.0
9K1GqwHqHA,97357.0,7snAbGBlD,19818.0,zMgPfKxh,46545.0,Ryb1aV059,,39LS9ULSwO,63973.0
9L6x763T,9192.0,3STJDhfN,53533.0,qZAk7IS,,z87abw49M,11733.0,D2rUK34Cz,
9MU6HaciF,29606.0,vmfa2Y3W,83375.0,XD533NpX,10361.0,4/W5nD1 ,74546.0,L9z\zBSeQ,69779.0
9OITDIDq,63754.0,xkgKXLgLo,21610.0,9lQo9xViP,38010.0,GceEhIz,96353.0,X22J37k9a9,42845.0
9S6M1gof,9005.0,1VqY4l/pk,11374.0,7kei 6hp92,15010.0,n8h5WgVFZ,7315.0,JmXHuNRe,18037.0
9SuzOWbjw/,74400.0,qZ69WZeor,41961.0,rCim7s bUN,69762.0,gHZ7LzJWTq,39694.0,\pVklzC,36469.0
9ThFyN5Y,3012.0,fo0FkFBcl,59408.0,XlcZKu  k,22365.0,/inpF3,11337.0,\auNkj,87438.0
9YG2cSqSu,97971.0,T1VzPZlnUv,,a/btDNwP,21569.0,y3XA4bKhV,83660.0,OCXwtMEE,42900.0
9YW13ujd,21729.0,1eePbznYw,25638.0,oTFmYoTEcY,59559.0,v5Sw3cn5U,83204.0,hONOzMdBz,45834.0
9b40 UMFev,73799.0,VF6WCNug4d,21489.0,r/3ZKkK7M,49889.0,cgkJYRv2,54723.0,Zh6YxWCE\,43758.0
9gdRvVWDaB,95878.0,stx79xoN,44580.0,SOuWAfn0p6,12588.0,\aVoYUbBZ6,39016.0,3Q9aU0yQ,30499.0
9jSWanpPg,821.0,Us 13F7wnZ,87791.0,pwuZVQXm,25883.0,g9qIa/gJk,11301.0,gKuYvHdr3,76567.0
9kZhaoZO,3507.0,z2nnZK5BJ,25150.0,HNHKCz3XQ,78415.0,JcVo5MFC,56014.0,pl3n83NrM,34224.0
9mTE0Y 9T,34154.0,M0btM5tagP,11987.0,IDx2hQ17,10559.0,dTz1EbAy,44237.0,S5ZOfYNXGN,34352.0
9qMNS3SHbc,,iyNwfeth,79589.0, 3c07SBM,29842.0,VoVT/E1/,25879.0,fyPehorL/,54858.0
9sbYEs6oB ,88539.0,511Y6MV,99911.0,2zYjpJuiyq,47153.0,dHpEgAtKT,95163.0,awc6hRc3,83431.0
9x/Emwd\H,36011.0,AGtCdg20IZ,15757.0,6h4sxTvPoG,47552.0,k0RVoYi,30294.0,N4TKnPIc,96900.0
A1lCP3pqdl,97162.0,Ow3knlS 0\,45578.0,fMZEsYPL,51111.0,b0XxYn\3N,73245.0,HVEVBa1B8,3614.0
A4Wh6go4,92990.0,3wBYfDbes,63345.0,qKv9na5Mqw,39179.0,m1tqFoNT,81602.0,2ScmxZy7C,5290.0
A5khDB8,88053.0,MoETB F,27565.0,OLYGwts\u,,RckplGuY5,53775.0,TcIuF2gNwo,36082.0
AJxYuhUSZ,91585.0,d4e7\fBU,31862.0,I1Q/\eI7,98229.0,bORdYNQTlO,87681.0,TY3seS6Vq1,81690.0
AM4Wvl72J,93083.0,5AR3coQnpj,11157.0,moJPm1L\,41931.0,ElRBfWNs8,92680.0,T5gS2iXD,15441.0
A\T07iV,56405.0,QX/OHjTG,17864.0,cJIdYLB,94421.0,DM0cnJoP,62804.0,Uwo\DOe,38178.0
AdYgTfXG9,35012.0,X73do7l,48634.0,B792vxc1KN,71108.0,EDfaTD/GN,27760.0,A0iXDWwn,48554.0
Aek\ZDL,61219.0,KAbD5egw,76054.0,ncgCg\yGV,27258.0,VBPgrWlqT,99355.0,y/\lvEQxq,13771.0
AgBkXFAU3C,94406.0,06nrQLP,38734.0,xjVSfpeKPx,,vPjFlqooEa,63789.0,RQmp6yEy,9410.0
Anong8i5S,18838.0,u N3\VF,86093.0,IblMx42KwD,21700.0,SSsYXlxik,24775.0,qC7w1Xg,60441.0
AoQeD1yFyy,76633.0,G8AmWX7,1130.0,0JKJ\b/vbA,63432.0,FFqCYto,65064.0,TCaBn5VW6h,32874.0
B/Zmny5Xe,40804.0,qN/VYEJ,57704.0,/qSI1qiB,47424.0,9bDkOY2TT,64928.0,En5SnNUY3,70438.0
B21BNYwOs,10532.0,rML473pU,97533.0,418Z7RkzyV,5497.0,Atk\StW6,47720.0,XvmieTjxbu,65568.0
B5EkP6W,69111.0,OtzwbyP,,04GPvzOl ,18147.0,JIpDpvua,62862.0,UeyjH22,53661.0
B9TKdw8a,48194.0,HyJFAbfs7,99705.0,LciplVj,56728.0,UgKJn5TNoR,,aBwr1kYt,84192.0
BGpMRMNF,68464.0,aY l x4xi,53681.0,EMULyF0bqn,36205.0,HWgc\Ws8,15752.0,Bu9ddMBc1,7222.0
BNNGUP\/N,745.0,cN/YxoZ1F,5899.0,MsqZM89hP,16439.0,Y6g\qcO9kt,66965.0,rYAaLbTrO,45253.0
BP7iIVgd,46937.0,HqRIzYMdt5,19899.0,j0FYexqIbi,91068.0,GFFpeH9l,2733.0,bXs99m Z4,3880.0
BTuHexzzk,10460.0,lFotY l60w,93259.0,9DPsLx/yt,71789.0,\KrDYmt8U,20551.0,p nPSIao,36741.0
BU\uWEH,36173.0,tUd7OpD\h,69884.0,yIhiKMU1i,3142.0,RzEFzgeI,8376.0,Cv8\pYbqw,57508.0
BUaqqsNu,35831.0,SPpv5zcT4h,37348.0,qjpBtewDO,62335.0,Vy00e22mM,73040.0,9mq9\YDVl,70387.0
BXSH9W,37880.0,QF6MLFXIT,98758.0,pqFeKeJJ5,67922.0,zuf1tHZZG,92547.0,Tj2nL5IwDV,4083.0
BZC3xKbu,48586.0,I4/y32sLIv,20023.0,2whgfB2r,16497.0,s7ODMFMMo9,68490.0,lZxiof3v8,79411.0
BkoQ PQN,99801.0,TqlCa7l7RH,84084.0,bNRXq1pGq,64293.0,32ydUmI5,57756.0,81pIigK Ba,69182.0
BuCGAN8U6W,63004.0,iA6DHIYRd,88407.0,Sj4VON7udp,32835.0,pGGcQ0ZA,63373.0,PWAcV4lp6,
C2WhKYAI,66753.0,3 1QQICmy,46206.0,dpsz3Ckgm,782.0, mgB/H4D,24204.0,BDNKG13b6,72968.0
C8aX8q/Hmd,6134.0,sJu5ll07,19633.0,lz70KzYfd,65829.0,r6E535tS,42522.0,U3zsFqU,98645.0
CADyIMsxh,22141.0,osf4HZvZL,30139.0,dQwow/RzZF,76483.0,0t3SYsy/cd,78538.0,d\dWJyOQi,70485.0
CHsseDt5Tg,12262.0,FwLKb1\,62196.0,7Nt V,68140.0,v5pre3MH,27165.0,K1ujMklTP,60208.0
CJc3P6W,73.0,GwyfYfUU,95417.0,KcQZR7RyLQ,59814.0,Lic4XYyU,85526.0, OhgQBZ,10955.0
CJs1oOo2,9519.0,DFOEO\z60S,,eeZJZoLJqC,15751.0,7W4WCIS33,50311.0,qlMRV6a9,10746.0
CM1Xwyqvk,9422.0,A4TS9,13131.0,7OVorSmRY,32674.0,2y6381K2y,20624.0,gJaW8qSTWx,36045.0
CVjDP8GC j,14411.0,Eupbrd6\,63081.0,7RruAxAgE,35292.0,4sjuWco1,81589.0,kTQClro2M,59353.0
CWc KMgClh,94118.0, rrHnZh09Z,,NfNfiqh0R,94410.0,mMarsus,86110.0,Gu7c1iO,92212.0
CWmelDdG,55463.0,Im\SzP2z,65375.0,uqGuJCbEq,24586.0,xKFk/lqzG,690.0,0pD/RdC5 ,29863.0
C\yIPLqLOK,,6NZkAGii,26311.0,xgN2FWkKN,90403.0,cWAaLq2c7,73733.0,OP7sU29Ds,20829.0
Ccai4Qnt/,10100.0,nPGJuhPYT,60129.0,Uawjv3W2 Z,51484.0,1ZqekowI\,14342.0,HUb9Sagl,
Cff1vysQ4,11841.0,I8cguhGt y,35154.0,SoE/Rch5zC,3516.0,8uj6jKA7N2,69875.0,mv/HdY8,59457.0
CiFZ63v 9s,43923.0,zUha9k0JWt,73982.0,LAU8/ykmc,6396.0,8rcpZQg,28307.0,Mvm0fowjn,47738.0
CmRzxXSFn,86626.0, p5s TCm,94601.0,xbK/ahxrF,20353.0,Aaft9 fu,12412.0, WpUvSWxy,977.0
Cs8gZgXf,97496.0,leahZSrtco,19754.0,6jmFld3o\,93941.0,8iSu3y5,6900.0,jhSwSMYN7\,1608.0
D1KFAHeLY,39125.0,CsClRqY9,88522.0,8YCAIr7yY,92502.0,E6pc1/2xAg,62147.0,jI36ID 8NG,66633.0
D37xgbIF,27208.0,1JFEtrQ7P,,qverTQZC,72423.0,s3OTHI2P,20845.0,uY23RxxAl,56781.0
D7cq8Y9N,14925.0,XxfrOfG,47956.0,rJGJFU,9425.0,VAL vmn,38542.0,ykc1DNzx,6416.0
D7pKgHjTs,36938.0,HAFuI\mhs,,IL\ImZGfE,76116.0,V\Hh6n9LL,,N9b9EH1P2b,85851.0
DIrj9Nilmj,55238.0,ndvp//wU,37817.0,HnjWHKLk,34289.0,f7xHdS1eqo,58650.0,TiZibodu,50349.0
DM7nmBxp,19470.0,xnLfkR56xy,14419.0,iDV13aGee,18648.0,L5uj8PL,59026.0,N GtfEsaG,44947.0
DOJaK2kia2,69014.0,6h79HMV1O0,10180.0,xAAS8xC7,75738.0,fBURcJ07,48387.0,DqdrnZ5t6H,17066.0
DaVw9bF,44052.0,jcvCDaOYF,81957.0,xqRk7gfDjN,15437.0,1diFu12Rd,15474.0,6b5SnotMAg,32002.0
DbzUlJxAQn,87808.0,8RPmxCZit,19809.0,bFA2dXB/p,81754.0,R\GZCZbF,2427.0, NT3A1T,88580.0
DnUeygIW,99240.0,aNKXF0sFI,39586.0,NDmiUi45Lh,50121.0,Ik1zyIKoU,79854.0, togWsy9Q7,37112.0
Dnmpr4nvM,70358.0,tCq\gBY7Rq,3402.0,6WFBVsu,27062.0,Dj\\J6h ,47623.0,IGteBFG8,44505.0
DpGN5E/4Q,71585.0,KJbi6AzQ,65580.0,td1P3bns/w,,51rXkGw5,12474.0,fZ8tYPzgk,98108.0
E/\R3Ys4j,48577.0,c7QWTdWRXo,60715.0,pm9Hn6VD,72508.0,Mc2Skco\i,21591.0,rdNl\BjwH,66463.0
E1 GANCl,64205.0,WxnlIs6T,6704.0,4Gu\/6PJ,46158.0,EvG6ZJK,86779.0,tB gpDE,52427.0
E2qYjmVx,44097.0,yvFPPmEu2,53058.0,jsecdoQmvT,,8P2aXhQYvr,36369.0,fgKymg8,1584.0
E4yqUswm,53684.0,rO2xBbpC,,4CQ dsVeH,37495.0,M8hfOF4qUx,81307.0,Hwe8wN\u7S,79811.0
E94gGnzcCe,1280.0,DB0cWrXjI,67715.0,crTVEfs/uf,26451.0,bbH5Xc0ps,79678.0,zp2ID8ZYys,13626.0
E9P n4SU5,56824.0,ogVijkJ0,,HK\uy04oj,52624.0,w1FjonlwR,8629.0,26JOguY,56338.0
EE1Wrqau0P,6970.0,6cIMjKxf,76478.0,TOuhyvN1l8,43464.0,Od5Nvmg,89227.0,3OvWAp9h,67636.0
EE2l9us,55839.0,rLIzM2l ,24535.0,T lRi6H2E,8414.0,FUWkpki,90963.0,Yb ps5pB,23204.0
EFP8G07,69246.0,eItEejp,32145.0,L\IlNjRIB,,BnSuqS,70335.0,0SmOSJ0STc,
EKdjy6oWF,90116.0,nnDLVN5\ca,25420.0,vZJXtwjYG,21889.0,X54s4Ae8MA,83454.0,iblil6Uqc,46615.0
EO\ikEUa,90346.0,6Yo8\1zxQ,15321.0,fuZOEEjZk,,V2pk xqa,52695.0,OwMNUmE,3920.0
EQZ3UsBN,75193.0,S/0s1tjdu,94833.0,ghuOQr6P,26996.0,KM0\1RDcJs,88402.0,s9 Zr8rTS,55992.0
ET66s8XA,51301.0,7JyFPPU6I,32214.0,vbHLi9FR,34074.0, p/KMcS9BT,29598.0,Rd9 qMIS6,2124.0
EX8TJTvk,10345.0,SMgwB89ngK,46596.0,pO2Za6rg,10331.0,dFKoWp1C,83518.0,cVLuE8dsOP,40312.0
EY1Oo6PU,54147.0,4ZYDNmyU8l,47364.0,Kc/NEFVtt,4582.0,xRycyXMZH,71564.0,100jK8tURv,89772.0
EZbCqk7kK,90916.0,xB2ySa7z,91941.0,yZaSSb3dm5,86430.0,QCTLBrk0P,45347.0,7L44eXza6,67478.0
EkhIqsb,40977.0,UmLVpk7tJ,84708.0,lEHSt7C,38674.0,xcxKln/6p,40360.0,\h4GXGO,69134.0
Em2cCcCM\J,65930.0,4InqmIxWu,30346.0,gru7IIkD7p,91981.0,XmO47NEJe,84579.0,QYnkjUEUp,46572.0
EzhVhPoBPm,64667.0,f8tXORJG,45459.0,NC0uFhmz7,52124.0,Ucs633KBV,65262.0,D3FvtZcXP,81255.0
FAF3Dgj,, ODxNgP9,14927.0, vFkAVjgk,29654.0,3IO3ED3,84652.0,B4WUth9v e,
FAgUk,58080.0,uSyZfO ,90578.0,8oB7sohyQ,57872.0,Wqi7fvCF1,56086.0,iq W36K2,60236.0
FUTd\Xa16,84205.0,qM6mxWb,88842.0,ocDC5pYc,,W/8Efiwb\,39276.0,ufkB9PDSJX,63290.0
Fa1lnKU3,53675.0,P4CIfelr,16097.0,H5sjAsHEe,53269.0,gA1G84QiEp,7254.0,WlWzVWaNM,32397.0
Fbx4zERd,28736.0,aFZRxu5ign,95434.0,f9NondE3o,42243.0,OFEJY101m,83220.0,\tQZlQ1j,55277.0
Fd0R3Tkoft,62429.0,\abEIOq,87976.0,55v7TFt9,4653.0,NpedT/AGmR,23739.0, CHi/OJdk,69432.0
FdFujMNo1,70561.0,Hdiu9vzo7W,80581.0,l\JtCj,74438.0,Lv3cAJ,79406.0,OvnWh3yTBc,58713.0
FgAB/6R,21919.0,4yuR7P/UAw,65599.0,CHS03iCVg,,\w9WTKeak,,URxK0T\K,57266.0
Fj Yr3Qc9e,89657.0,b8Eb6O1du,94856.0,fqb8wmo/f,84737.0,5gNJ8T\mV,28115.0,\Vf8WBRZ,68195.0
FkV\ZShU,22908.0,nxKX75 V7,15928.0,ZTwx4\TvR0,82916.0,XkBvK9GWK,54885.0,9ZCU/EaM,65631.0
Fp07uU3YC ,3408.0,HCY/v5AIU,33797.0,Ic8GLQn4uK,12090.0,I78dUD8bs,40455.0,JU3BwSY,20793.0
FsJRjuv4Q,12437.0,z0fesNvx,17504.0,YrUEwJdNBM,84656.0,za Mn83,30730.0,oU/vmo4E,82417.0
FsZ563z\Ac,31095.0,UNzcYixUI,90608.0,MVFWDUPOud,79114.0,emJPHXpxh,40834.0,1xioas3AY0,
FwjK8TU,82349.0,rUsddcY5,67401.0,7ROm6WHq,14076.0,i5e93yob,44872.0,4EZi966,21100.0
G126kVQK,70811.0,7WQ\\9ujTb,86772.0,MIn3Zsr,56072.0,GJsPNx9M,90934.0,g/LCzgzE,86711.0
G1FV uLwNf,93644.0,w3jmHHmo,38230.0,rAXLX/vWNI,97210.0,0BdyOJQ,36464.0,g\bJi8rJgb,77654.0
GCJZBt7yA3,77205.0,x5EQWFxBQ,29420.0,ePwDS/iLk,47762.0,rfGEerIlb,94189.0,z2Zg pPzFP,96759.0
GDAH6S4j,24658.0,OVuIncXQ/,86337.0,TcmsFxlK3,62942.0,QyVXi2phK,32114.0,KJ7m7g/Qh,88794.0
GGbid2xF ,20585.0,jFwhUTM,4847.0,w3w2buys,36966.0,FEo/\5IbAH,84100.0,FT08e8Q6/,24447.0
GPMDP1 ,14028.0,mazY2,28248.0,iFv2snW,67753.0,nwOQtDqW5,28492.0,rb/jKbZ,9037.0
GY13efE,89122.0,VQV7UcV4Z,80797.0,/J04H1yFxI,83330.0,284te9xb,40521.0,zNYeBihu3G,79811.0
GYzEekAYBy,47095.0,XpK9QEUiT,22172.0,44pDs\OGuS,11142.0,q6G2AbOh,98912.0,KQOMVl3/1d,87286.0
G\6123dq,, smRc ,52430.0,tPzQ71owV,41267.0,5IHtwLEggv,37696.0,5umF8Bb5,72353.0
GaLk5cpYG,12466.0,nyuV9qKPjr,7559.0,TluSL3kQtP,43634.0,lECigI8kZ,71278.0,8aP\VIMw,98025.0
GaWT\l233,10452.0,sDnkaZvN1,31161.0,Hny YtGaIj,22576.0,M YmqGNAK,46381.0,dnJodaWtW,98393.0
Ggco\JW9CJ,41265.0,UcizG9kf,9474.0,FwmRL\2ii,44363.0,Cgxbmy17,15118.0,dV1yVb,36375.0
GjTy7xFaaE,36024.0,4WrHABjAB,49699.0,1fjcIHA8,24943.0,\4RTKdNK4,53180.0,xADIfmxs,96622.0
GlXXPo Hl4,18731.0,\1utuqn d,99498.0,V9KeQzI6J,12004.0,o6u1S6ef,87585.0,bogKj4aYK,22708.0
Gsbhzgtq,80239.0,wwvYt\n/x,98875.0,pYt/w6Re,17746.0,IQ15bx3uH,66486.0,Syu3/PQYl,2146.0
H0eqJydnE,80279.0,zARkJlc6a,39482.0,RNiKdQW1,6333.0,Lfh3yoAa,61325.0,MFYx1PbKp,20960.0
H4lFeprxO,70237.0,JqmXSlZY,76048.0,0mlq\57h,,tovlBV5,55509.0,Y6NGSF,46184.0
HAKavf6Ia5,55391.0,vf4D7F7l,71359.0,9Hvg8RGr,31729.0,\q3GNtBj,2416.0,cMGilSLNc,39016.0
HB6QkVqn4N,78673.0,E2ElxJa1K,32622.0,lEVaOG/9kz,22253.0,qOl4ml8Ug,89680.0,tOqnCW0H5,9700.0
HDzoHfTVa,35675.0,MxNXo45l ,34242.0,2uBT2SjJ8,15608.0,yP0sM 5,88624.0,z9V 0qlZn,75364.0
HIpXm9Xf,29383.0,PZED/FGM,65879.0,rCSH j,53003.0,b2D1GRlxtr,39104.0,qahqnSN2DA,89273.0
HP5OzoQk4,34371.0,dgj3is2cQ ,48858.0,6bifZJH7yM,27581.0,NTYLjxHo,17606.0,tlEv93f,58313.0
HW3Z5/8h8,87220.0,ohsexIrynT,78817.0,rzmT9tY/gZ,5741.0,eK6 rNtyO,43601.0,jJWfmzjKW,58696.0
HY\wuElXCY,80145.0,2iHlV8y,52778.0,lOC/6F lo,79025.0,cRx5yxFK,83197.0,fWFNeZ vig,57945.0
HYq8yS4I,67926.0,DMaCevwR,34400.0,fA\rZG0Z,28424.0,uI8BIZC4K,97163.0,RjxsGPgYI,92067.0
HZAN0GsNJ,61273.0,MB7qnKOqOZ,38125.0,Y0P3aQLiw,81210.0, X9TbSPT 9,30565.0,YrSBQpnutB,616.0
HqbbLbDhos,49277.0,oMsKyzCsn,42198.0,DV2DxBz,73660.0,zU sXFu6O,15826.0,iVrVYBhxF,16776.0
I15bvQvNhL,9135.0,I2Ko9B/,92311.0,if3PHb0p,76464.0,x1WpTiunC,13065.0,mVrU8HfTn,52335.0
I2hoARWoVY,7247.0,MJm9uoR8,52218.0,GcSSE4Dcy,6515.0,wI0L1OBf,49054.0,B3bqORB,9342.0
I72Qq1p,48703.0,EQVa7OO6XK,91761.0,HpXT 679/,35104.0,fOkqYu,86318.0,tPU8UC s4K,93286.0
I9tpBQTcO,69273.0,ANs0HBK6Sw,57353.0,Iy CBlJWb,76351.0,yEMcmmDGrB,93096.0,96zP6aMAzI,63554.0
IFXC2o36K,13062.0,bEDyQHxeLA,74193.0,92KlHXWa4,13990.0,d bPb9g,67623.0,yXQyy0pmw,66919.0
IX/wDudog,79884.0,dvkY9h6L2,30324.0,0CjKzu2J7,92390.0,NuTgRT81RK,13980.0,EVji5lqT08,51761.0
IY8 nNhzq,59150.0,pKu3SDTdjz,57614.0,UC43TfAhP,50430.0,si9RIo346,31500.0,aEZb\qTXki,58085.0
Idy7mLM,64315.0,a\Rlk9WB5f,79370.0,y3CKe1RH/,33968.0,yaqPu9Ume,80812.0,O05\u8u,69809.0
IivLsn,36409.0,L5L9MRfot,28972.0, Ao78eXx,28172.0,GUSvO/pTdA,85770.0,TVNOoI19,55169.0
InWaid9otM,42265.0,OWFOKQteu9,17432.0,ZFFVUIG1,51400.0,AEJDZNBG0,85686.0,IZC3GJxAl7,24420.0
Is\p3xtYm,87444.0,9WMK6O9hFV,86745.0,UhqYkyzuP,81250.0,/JwL2Hyz\,45816.0,MGawDTO8O,99480.0
IsimnUCkOz,44677.0,HJ QriP,80236.0,LkZvu06,69599.0,RTebgpLu2y,69478.0,MrCxUL2sn,58830.0
IxqK\uuvUj,93146.0,dNnu5wGO,26141.0,usUbAAscj,62182.0,e EgMf/ b,57932.0,Hs59fvt,52890.0
IyE8SWKyf,93587.0,GFFYg7r,47111.0,AH/QomlR,28336.0,jPqhky4Dn,86677.0,b/sP21cuFw,
Iyi4knGCEO,19545.0,3Cci27iPu,,nwSOY/ca1i,20709.0,/bp3FF2kr7,59611.0,HOOhbi7,46970.0
J vCC5njU4,13514.0,TSCtBEbu,18848.0,VfkbN75Iv1,67257.0,7YZJ5BM7,13259.0,Rs odir9P,47312.0
J1pn5TicF,16444.0,tB6X\Ae4,67355.0,aj2sIWJf,23647.0,jmnfAH,609.0,R\eE\1,1339.0
J8xwpuo2,86445.0,G4RqQR9/,60348.0,8AaLF5KA,57241.0,NUXEMK3mt8,7791.0,nDS81\8wvx,37334.0
JCKuNuRYL,98191.0,uaka5OmtMr,59891.0,9F3OZ2pjD,56306.0,qjYMEwKT,54503.0,\HIGbgPdP,10464.0
JP2b9ELSjr,67051.0,ar7FW6iGK,73699.0, fY30xTQ,99017.0,HRg96IQ,93624.0,hzX6nkbY,10012.0
JPZVx7L7h,65794.0,V4WCGS1AKw,44859.0,Q\DYQ\yYqP,60523.0,cDhtij9V/,48673.0,QfVDgMe,5005.0
JRLCdh TI,,xEQqx4c7bT,94347.0,tmjKUQfa,20342.0,8\cC8Ub4U,90825.0,mtGoJx,23544.0
JbqGio7L,76795.0,smuA77aZ,56454.0,Tvivkxya6I,17756.0,uG56/Ci,85981.0,NJzMwiwQl,31013.0
Jgncrhy,42202.0,T2Cvx3o2,61470.0,S21mOCi8D,6694.0,EopmR1VHLU,61553.0,eVWvAH9spy,77254.0
Jkope/gb5,22312.0,N\aJQcRaTb,60231.0,3 kYHN8Neo,51923.0,GOaJcoedz1,60663.0,PBlz\Dt0q,59347.0
JmCRDu8i7T,66029.0,5NPCCds,79478.0,bAcp37aw/j,92304.0,\CHNZ2Am1,54495.0,GUYoUit,53079.0
JmrO1iCOf,12023.0,hGgY9uUIk,65316.0,NRsfGM/y,6425.0,zLa5pNcl8H,97318.0,sY4HthPw,3735.0
JvLsXu vi,22533.0,gCktNsVd,,QSnQYzHp,88363.0,H87Fs6hGEA,89854.0,I0ERB3VL,35255.0
JxPWSQ7YPX,10843.0,RI6uO7WWJ,41987.0,C /gcUYW,80829.0,7nfP4/BZD,96476.0,qpBWjyPC,65388.0
K1K8RxfS,46941.0,v4w1NHD7H,11900.0,8Bi0fKv7N,67477.0,jmoSUX5YrL,91942.0,j7w3JpwhyY,83887.0
K2wS7/c,51124.0,z2vck00,59806.0,R28UBXKIt,83846.0,q3k0dPQH,97517.0,Se6TvDop,20569.0
K418MFn69B,19145.0,zFmlVWq9fx,8736.0,csVsrdbq8,,657Q/JyZQ,85231.0,UUWARcns/,74820.0
K9ZMH1SW,43005.0,zzslcQSGZ,91034.0,8 LOAWSZq,57093.0,cM9zW0vIA,58662.0,xPq2gW8zU,31805.0
KGA4OiPVX,72765.0,QU7H\BZ4n,81324.0,yUkSSgiA,45154.0,2wrimJ2AmV,22774.0,epfm8\JV,74169.0
KHQeGNm9,65496.0,diR68uu,74512.0,d\2cmfg 5,4284.0,8nI3inAe,25763.0,rpV2yuEL/,95037.0
KKJ3TD2 F,,kp/C59as47,77036.0,b2k54sbyw/,75686.0,\eg0lJ4,20467.0,EVxSvBuX,48397.0
KNUe2zP,40553.0,KYR kvPK72,90051.0,dpSemw4YT,74844.0,VdsG\2SEX,15209.0,FMasH9Wb,39824.0
KPBhWE9y7,4869.0,YaNL3YkoS,62161.0,pa6X5e4,18360.0,bi pnu2Cyp,19996.0,kZFbqLLFaU,93956.0
KQT370HDy,57623.0,MfdyJ w xx,,K1O5vUjg0a,89819.0,aNDgdwI,74416.0,q/rklCv3dm,41007.0
KRkvwo,,9Dt\T7y6Q,93393.0,EwAtB7x1,94517.0,roZlpTIF2,53505.0,2VzaDFwv,2411.0
Kaaj\vfU,26092.0,37CdB3Ib,18156.0,qlFhTEYw,2773.0,Sp30j9trF,8775.0,pZty9a6/ww,74333.0
Kf1fW2K/a,47356.0,9hwkPwoVt,80947.0,dqANUV5Ho,58506.0,sTMO4kK5n,151.0,nyL\gx6,81566.0
Kh MXp2MX,93166.0,u6uuKWZp,73479.0,BkKTK9oGWy,20634.0,EU9JIcDm,52719.0,mbWuOOOL,88810.0
KhjDw\7Bo,16184.0,PgZrKt1OHX,74326.0,DU7FX1,80161.0,WH/2i9JvzE,47863.0,zdEW2jMX,22241.0
KnHz1o\VRU,31464.0,2nd tRk,13964.0,tSzc4cJw,77532.0,l7jpPx9Ltv,20402.0,BF GQJf,29902.0
KoDww67,25001.0,nJzAtey\R0,19160.0,x82G0fbAhl,,1Y0DG80pB,75481.0, ZBQHZrY,87422.0
KoytMIJ6QZ,8721.0,ZK1YJ3,99917.0,QqMA0JiaYI,51421.0,Oe gvTQ,51530.0,xxxI7cBhn,59727.0
KtB0Uc jNo,53044.0,oNn8ZjHeSl,41333.0,hM8GaQMYMM,61431.0,JcQy61opt,17318.0,Eqge Gykb,86009.0
KvYwDQbWu,62488.0,loefnswPMu,76468.0,J0\PvlhuxD,67704.0,wpNW3Eb9,18073.0,FdkkOG/GAK,81563.0
KxtVGmHGAb,86632.0,1vIcCt,99083.0,YHpxdEX,25094.0,UzjGrxf4cH,84757.0,pecE4TbyN,57110.0
L1V7YZ79V,59735.0,VzyQAxCRY,70010.0,WWs4kQU,60351.0,biOjkfKxk,77592.0,p787Xjm/S,689.0
LBq5mXJi8,80251.0, nU3BFhO,79294.0,uQAchA0GIY,13662.0,qx0C5u,53213.0,qsbbnYh\,
LEjizqWQp,11893.0,MOofQFV8l,12991.0,hc6o3QE3rs,99294.0,NWsQxL IwY,,zg01QLZJY,32236.0
LLAiXDVvdh,30968.0,OwrWO3iN,34884.0,Sga0BAHCtu,35163.0,F7LvgV,32164.0,mddscZzi,45949.0
LLwUF\NOxn,17622.0,IBk6Oa7J\,2528.0,D77/qWJuJ5,34839.0,\ISfeg9LoM,1235.0,6ZhH9 e\58,40319.0
LUSv9kPrQD,60233.0,o\qEkpZG,94186.0,fJP/aMQl4,53069.0,idW9fPE7v,32656.0,8IFXa4PJa,76943.0
LVSMXUO,,i0RR\ U\4,54754.0,NT5E2xUI,17356.0,9\Nk/0W T,,Aa1Ws4bPJ,82142.0
LVhL\\\ 8G,76803.0,f3iN9xHYzk,36545.0,dR6crtnV5H,87031.0,wJmr3b,25934.0,ukB3BXjD,52404.0
LX3LcRTR,59403.0,hQpOG\yi/,58500.0,ETSKuT6d,88103.0,b1P\UwFZ,54450.0,N8d8tAYTP,72682.0
LX8oOG\Q,22626.0,IBL9NmX8Y,,XoRq2jr,97347.0,  SRu3W5,16416.0,xJ5PC67\f,26104.0
LZ29CZKIlJ,92371.0,Cqn xvDy,97256.0,ZwUnwD,99013.0,4/zEM3Kbz,72359.0,8fRJ0URL6,83403.0
LZbb7cpM8,,yNukeLJ or,67825.0,xefg0nJxk,,8/Y9/hsgV\,,q8vGTvG1,49043.0
LdtI1yb,92506.0,PO5SgXC0t,21706.0,XS4iR21U,24541.0,OPcZ0GcR,29649.0,64\43N\B,58883.0
LfbSJfXrR,78034.0,zPALnnseb,80767.0,khUNq6kUV8,55064.0,F0L3xPHhu,80434.0,6urtmed\i,9296.0
LrAiNq 1P,87589.0,QSQIxPRe1 ,44626.0,Pb0Tz4LZO,83785.0,bLJOeBdj5,40393.0,YDCMzDhUB,58134.0
LsZBig,47240.0,lrJ Gm2m,57864.0,zhMljH3OWB,39057.0,oR52JAPqj,65456.0,EMVUsToRC,1952.0
Lu3CYeOMX,47155.0,Ztx d2Vjb,25408.0,mYd8GaTAO,41414.0,Dd8Y2wZEs,30877.0,MqE63ehV5d,
Lx7y/SWrw,30818.0,lFBg6QY/Y,24003.0,Tnmcr5v8,35592.0,USYmM8o,,eN7ITkjLB5,57659.0
M0P5WhkUfz,227.0,eJzQrq,31404.0,Nv2Z7bGtH,95667.0,clqSDjg,98254.0,MkW/783f/X,41639.0
M19gqBPXJ,68203.0,sSy968e5,88026.0,Py6 d,,t\\qxZCs7,31584.0,V/sJ582,43952.0
MJad4kln,,2n8tfqn,75435.0,jLd5lqda,53882.0,65Evk2Ec2,18638.0,l\zuDs93,33574.0
MJgs7nd,27303.0,K5FNzkbs,7925.0,G1/Lv4NSRs,24513.0,3WXk47LX,69170.0,Pb94cW9P,86748.0
MP22JYnHY7,30533.0,EdmZwmAP,12089.0,Zb0E0Fu,,LoL/gYWFaL,61018.0,kftKNZKg,82511.0
MPK7u4rUzH,,TADvw/3jsK,88021.0,xSSrjE2a,1707.0,pe9/p4f4,70946.0,Rch\rOyLZ,21680.0
MQeyFO\oq,63997.0,mDvWyOXNG,47654.0,IsOnGjQNf,9697.0,7\jnbn1 z,50686.0,kYW16IFn3,41631.0
MVGwggP,,AEysi\v,4397.0,hpN\S OZ,,8czKYMRvU,88980.0,PtoWgq2nzV,64077.0
MZdsH/fvZ,,dbgLcje4,77653.0,YBu357fL,64653.0,K9PJ5BB,46207.0,1lSia/CRv,562.0
MnPsHlaC7,50743.0,n2XA6llZe,84528.0,1BjeRHcN,50252.0,mbgz6MIHG,62406.0,hwS\Lh Unk,21152.0
MpGiL5vN,7519.0,QQWaVX9Bq,14156.0,npH1bVE,67507.0,trSJx9tNSI,41484.0,c8OkGS,99826.0
MxAmYuyKL,37302.0,7Vw/uyjco4,,vXiveiB/,89074.0,ZQEwgL/F,66929.0,kjXBEvQm,5846.0
MzE8gX,39888.0,V2m/r7KFsX,19789.0, QXM91WiT,8638.0,Hx78OmjXK,51408.0,u1ZVc75KW,90967.0
N vrVeKa1,49557.0,jS/yjJbwmE,89230.0,iuVrx2bZHj,,6fb0674HlO,602.0,hLdfOIHxx,
N2aoUg6Wh,30475.0,nbkR LgU,56631.0,Yq3C9jQ ,28341.0,iztrZgIs,37686.0,ESoVb/Pi2,8812.0
N4fgbDt,11127.0,mL1A\2EluF,44770.0,xtHT7WGl,62324.0,GQu5KNVo,87578.0,6hFzRI,87185.0
N6RQ\8h,34390.0,FN1Slufzw,35561.0,jbNEW Ae8r,99794.0,K4vQxAUQBR,63671.0,7L/okoqbr,83501.0
N7lwGcc7D,31511.0,Cnb6FV,92380.0,tU6igdmWe,48879.0,7Up6wuP,46843.0,Orj2SKc/E,96046.0
NBQGkwFFs,74833.0,xFEHSmwcd,85286.0,AZXoBcRxw,,5V\RwGeLJ,72123.0,HuyLZzZmsk,12067.0
NH 0lzw,,Z\7Mv2VXr2,61.0,Y9lrZv,50564.0,8EmndSyH,,vWJTzfjGN,
NI wkWPv05,40660.0,BKhx\\iqm,98002.0,eJNK3MV,73401.0,L8V72L5S,73698.0,uu9ilKNJpo,9628.0
NKclGEZq,22073.0,g6KTk0z45,85377.0,swZ38WiHX,37277.0,axS05cm,8657.0,kWONbRTVN8,41331.0
NKnzGKvh,,1ULGAfbXoB,91515.0,0BTf4Tje7,60020.0,LTO4fwL78W,21449.0,ooxC1ZkfO,69832.0
NMsamF/Nh6,91469.0,l4S74rwTv,68069.0,kNSSb04U,35882.0,F4fAvK7Nz,91419.0,ROtkMDaN,
NYfXbFmkhT,87841.0,5XIASTE1W,86298.0,7aT1NY2Md,17656.0,pnHjjBX9H,15625.0,McWOKnFb,54785.0
NhJ7jFPDH,25607.0,/EcMQk a,87136.0,ayyTvLpP8,85067.0,ohT0s/emx,77610.0,CnIhe /db,38179.0
Nhy0r/kOZ5,54357.0,e9aI6BOpWU,25589.0,XCFboAV,26497.0,zDqz3CR/m,75961.0,kzu8Vihlz,22660.0
Nigr1G96/,22123.0,F6rlbUa3kw,80967.0,xDd0fMcV38,73913.0,iTSDsSKL,87157.0,6309a/pGx,46227.0
NxUiA2rb,8443.0,HhV5ZiWa32,63730.0,XugMqOKcu,52220.0,05Jrriq,94190.0,2Pr0uM\mQ,62723.0
O7kO Uzp/,32150.0,pLYbwByC,55317.0,6cCpNLcn1,17399.0,qWhihM/uQ,50106.0,dKQd\Ewz1J,52501.0
OFjxbu2Rk,1824.0,/o0QOtMGA1,65322.0,cBilYxo2,38449.0,WCXailAz,71814.0,1eiCJ0MaL,32289.0
OH0BswN1f ,39105.0,wxi5TaVWb,16895.0,90T0Ru1K0/,29368.0,cFS5bUJnSH,62153.0,IbAaz6YZn,94598.0
OHUd4Q3eB,34788.0,5C8A5XcE6Q,99008.0,3QWgqQ2yC,35717.0,GrNV/BH,80627.0,X9mhDnGQ8,76748.0
OX9tIA,,PNU9OMtri,,PjRGj8ul,80849.0,Gg/G2fa0/,14488.0,MxigQUfJ,80280.0
OerwPOyZd0,36221.0,57Od8ta,78350.0,UofC17Ka,69276.0,wbB4CHOTY,91798.0,bAbe\ YPLR,
Okm/aJELE,98034.0,zlWLHkaP,69366.0,Ey/134U94A,53395.0,waDw0NeD,89901.0,E/puS 25,90405.0
OllCRoU3Um,99111.0,DtbDI7B\9,82629.0,A\3IzZ292,20837.0,ZbY683o,21791.0,4nftkg2auf,23068.0
OnN\uiQu5,99285.0,7v8DkEDU5,18566.0,hG lX8xrG,48026.0,pDt hXw,56089.0,zLYNas/eY,28292.0
Ow86EOfEN,11115.0,gOm291n7J,60643.0,QSfmVKMZ42,63659.0,40YCSIh0lM,74278.0,VmqoJLD,60781.0
P1RdOxhrc ,81868.0,jok\AoSkUO,30083.0,fWC/jBP3L,37618.0,8vXDjsR,22237.0,t/dqfwhTR,22919.0
PEdOJQZZ,31044.0,e9ct9Nm,68825.0,VI2mr4Sr,,6vDZY3s7,24878.0,MTkmUI5o,89689.0
PIHG4hD7I,57749.0,7Pz9ENrgzw,72967.0,DuEzE0JPzF,14848.0,N3SN728,68537.0,uTyMaOp,54459.0
PIntTZil,58292.0,dmsifCR9,64003.0,Wn1tRM Cj,52712.0, jpLzENXb,20329.0,dU64m3C2,20710.0
PRdtIxARpq,309.0,FtCGr4yWy,43458.0,nVTjSCeCX,83268.0,wEzkL6I6,55430.0,W6CucKXMU4,52162.0
Pj1ckPhG,60593.0,cO7ZHst2r,23693.0,nK/JmrQn,1787.0,WhGrRF3KW,49468.0,v/\z9Sc,96720.0
PrUuqlq,21575.0,uWrHmjm6,89449.0,zJieG rq,,JkYJm7,46459.0,TljNRy0a ,80189.0
Q3TCwcgTyE,11107.0,SZN2L8qK,,zkbo872ICb,95977.0,GIWzeImG,98618.0,FQLyWJ5,58801.0
Q5NJjhlsB,75601.0,C51uHkM3t,41388.0,INMzGoYY,25028.0,hRobSHQ/,73792.0,lvXclL CQ,83508.0
QCwpAGpUq,84754.0,r /q\gG/,44558.0,dtkyw\urnN,30576.0,mcodRll4,,DXhuKigyZ,
QJB12VI,40271.0,P\zrgE\1q,43224.0,k2NbLexi,,lp2oOFa19H,37542.0,VroXYjhry,45828.0
QKPqkmPf,53310.0,5vsSh6jdp\,53232.0,\RMnNL4z,9652.0,bWLnBv/KD,46014.0,GJptSqwH,69856.0
QLJAZVl9lh,84870.0,0DuhnIlr,66913.0,X6rLkISSG8,36181.0,y1 hLhgdf,37916.0,dZRMq3t5,13520.0
QPHfO9WjY,,qcdoQdIt,87189.0,i/gsk6Ar,7519.0,r\rhhbUm,,jtwwQwK2,
QbGG0S5Q,72911.0,Q8uN8 X,88521.0,TIZt4h,83321.0,lpuU5Vj2J,81453.0,WRi1wmpDr,
QduHSdW,65284.0,DYIqOO4u,52343.0,xawkOYtVmb,41059.0,LLkeVzRR,80945.0,DasTObMJN,82635.0
QmsRaLD8s,83220.0, AYIACu,65627.0,SJfGhh\Sn/,33743.0,hQQCanYYH,72248.0,K/7ofpxa,59480.0
Qv7UgLs/,64764.0,Wl oOz,52297.0,W7fuMlPJJ,49391.0, O/gAypCB,38790.0,dzEdI0qgGW,
Qvo/wZp4r,74971.0,FRZqbUMh0k,68090.0,Nk1 lBK5Xs,61674.0,uWSoSt/TS,52140.0,hj7uUYFZJ ,
QwTBKUOS,24273.0,Y\AgEyNK,40556.0,5PVcuuXhZ8,33292.0,dcg6Ch7MG,13640.0,a413HpRu\,46147.0
QyxsxxPT,78924.0,cs1p xz1,11926.0,P4X Eo/q3,57361.0,vA2S6oiIA,38544.0,alpdBHXl\,69991.0
R2USDb5a,28361.0,obBUlV/sK,,ej6EeL/s,84891.0,DQ j/oS,78689.0,j3hp0C\\Zp,48599.0
R3XBB7ncv,4181.0,bWCsbfP F,58598.0,axmaALXjw,32145.0,9NzGvvw8,40322.0,NTNs81XD0,87322.0
R65IfPddm,39945.0,71qwGw7YCv,93370.0,fQRq iDet,63371.0,jTXYPfIFJ,23020.0,NrlIsf17nB,94747.0
R6rL61sc1D,51480.0,dUjCTEWq,13017.0,En\TPj9G,51007.0,LY3TET5/,,P9UqLJ,97569.0
RAVf1M8Aw,78350.0,LZ70Q9f,81632.0,9269e8qAR,55215.0,NVwKygLsC,,URHM dywA,18067.0
RFNAShgYto,88976.0,Lz6KE8ZL,87867.0,wLXuuR9\gK,266.0,37P1lPA,29118.0,b3mtVyL,90932.0
RFlgAxaK\,10405.0,DYs6RG5 cE,86062.0,QzdKELe,13016.0,BuTwthaK1,,UPx 0CBU,69341.0
RGonVjbT,17618.0,ltLhF02T,85812.0,NdnmeIUy,1662.0,e4evNrk,90495.0,APhhJL5o,7443.0
RHD654YkNy,79132.0,0fipYzkzz,52918.0,i1dEV1dzoF,4479.0,Hsjr0Yge,77708.0,PEI30QYJ1,27071.0
RHuVA/q,38687.0,7A3SsXxns,87180.0,n7C9JlmW4,10160.0,Sv3KgttGV,91804.0,5 D2PnpR5,45099.0
RTkMynMney,18268.0,4F6kwACv,39412.0,dg7kYKhh,43812.0,XMXHAR/nr,32039.0,2cFMoZab,70679.0
RVaKXDyXJ,57814.0,z EEzM6,52206.0,tN7jYcogf,34996.0,5mmOG1T3,53363.0,Z /TXWufV,80468.0
RVpuhjF1l,9366.0,1ZcSmqVa5Q,85989.0,setxO4ydk,76830.0,slaUUi8b,28152.0,naYcS8kSK,55180.0
RYL0Rg,77433.0,m\aqqKbFwb,77209.0,bwA\cSHSg,25525.0,cyOSoD9BV,58965.0,jzhMv\\,71161.0
Rf8RpEpf,10255.0,ZLcGR4w5U,15890.0,JxN2c5uS,48335.0,cYB\FSUeK,92873.0,psn6yrgQF,33694.0
RfjcZtp d,33429.0,\1RmTf u5k,78078.0,a4l12ORxuv,93728.0,Xf3e0DXGD,26756.0,YCg28G,95516.0
RjDbyB3MNV,17124.0,abdz9Cufc,27976.0,qqFPVN9fOl,13888.0,ZLnfo D7Q,99321.0,6VUmHWIAy,6411.0
RjaSL5vfe,,\dMNc\\r,20353.0,rFpIj8ZJa,84908.0,soCyr5qbb,37812.0,/06E3yAc31,83057.0
Rlh0p5m,53398.0,EFppUDtRk,,FxjBt  r,51619.0,BOZAEnKB,71734.0,bw76\QsOD,70328.0
RqX4hvQFNN,57280.0,\z09q0NaOL,26889.0,HSNL/qFUE,,x2j\\F,4781.0,tpi4B5 zQ,60687.0
Rr8YZJ9Gwh,56463.0,bEreZC5q,30660.0,YWaNqcd04,,bR9EUU/St,60079.0,yq\\ngqNu,21977.0
RtcML/V3,15862.0,\xf 68173b,72659.0,hJ7Am6DTD ,48177.0,UDC7u\oyw,7145.0,roPy6r ,31754.0
Rufwh0Fk,3327.0,H6HD4oDSQ,55985.0,\SmWE3HH,44133.0,tt\7mAU,47299.0,A/h2nXlVh,
S/n/oeE n ,60648.0,9Dv56hakJ,80626.0,kePfSm6a2w,50675.0,g6wUWhuD1,51088.0,HMT5E3R pe,57598.0
S2P/XhMf7,94419.0,uwbwpCKvAq,95277.0,1TgCtqb4Oi,10683.0,evML2sd2D,79088.0,bUucaBSv8,51663.0
S3Ea87/J9\,4651.0,fGJNIPl,38779.0,XhYoxkiP,39669.0,ZlVbN\cc,64900.0,MNKoVvLmm,83980.0
S5Ipn/xe,89344.0,ODeaA34X,77385.0,g6dTasl/My,39892.0,GUZth1j,61916.0,E0m7fF9aB9,76306.0
SC/dqteU,2334.0,EkrF kNZ,,pORPoSHYU,,Tj 0H8TGq,,r4sr bSxw,5546.0
SC5/afCXc,31018.0,qgqfD9K,57581.0,AKWInopHqM,27228.0,AjmMAVPOv,80529.0,t\bT1KTKX,36289.0
SEedEczROJ,44986.0,huThfsxRx,80356.0,j/Fsyd10,94775.0,8aKGz0UP,48119.0,\9lEsJnHa,44707.0
SMbOCD5Lvl,47780.0,wwVLU5p,39861.0,f5FuvNmHHl,94082.0, PXBKRDRe8,,Hn3c3jBZ1W,46973.0
SQvUsF33B,93433.0,yXJ5a2k,3106.0,Ayq8yzZy6,42287.0,EGjWil2KQ,51035.0,2urtynf7,43581.0
SRXM9hNZ8,,14QEBh3,17482.0,GRAQt7T5VL,3619.0,Uof5yHKEw,98962.0,8QkvPjG,73051.0
SRskGgQvv,37800.0,wrMPxbV,91649.0,DVTNC9A2f,96034.0,VE7XSdKe3,51939.0,BDC/Tv0J,13411.0
SWJh7Ibx,25437.0,uXjvjMtHbt,19954.0,hBQlNOOhm,14755.0,i8jsmlh5T,90350.0,NmaasDM,7697.0
SZW41QKO ,38129.0,UEJQbokiH,41021.0,Kan9ynJ1y,66790.0, DgeGG,77812.0,qLWpsJiiL,4910.0
SfsyyUMNa,29916.0,O OVpt679L,7098.0,rsqWPQeHjK,98057.0,YhoqmZ BTu,21589.0,K1v0xudfG,95149.0
SkFobcM8bh,65438.0,HV1GAck,65487.0,QedpjNZy,82490.0,pMfEGdpAX,,pxQ2JMlX1,64023.0
Skbpzmf97,73691.0,/7V\LZO7i6,79626.0,0bVWfhmlBs,17543.0,KpynuC\tL,77987.0,ZKxqUjSw,42080.0
Spaw8ePio,24402.0,gWUHKiYYnP,59151.0,zA2Sk3Ko5,31080.0,whcQIohsc,83009.0,HBPlcNGQ ,34793.0
SsVx4NIWGg,15121.0,zq7KdLcQdn,3525.0,JKfnlTw7JL,30055.0,H3eXjt/Zp,92515.0,fDJrk2bhRq,98174.0
SxWP7AvKZP,73018.0,Y5sr3Y6ZR,57740.0,2VX9SZHiH,2481.0,8aWFFuz8BJ,61077.0,G9ii6enrU,92070.0
SyQ/wkH,22608.0,UOMTH6i,42954.0,MbpI7okn6E,43968.0,zhswChQc,,LZwUjZkB,63032.0
SzQNBQ2JcY,72813.0,noEy0lktj7,98963.0,08YfjyTuL4,10758.0,tjoOTiJwJ,78465.0,/T5hz\nNb,85574.0
Szj5\fO3j,16153.0,2a0Hviu3,97163.0,yS0XWHRx/,,JWu666cv07,79034.0,cwaiegj/Z,56768.0
T 5sxw/2z,59341.0,3dzHwpFXnO,67707.0,Kqf4JOq5B,31674.0,1DJrc8u,55165.0,9Ye6FEFvEr,23830.0
T0QWJCI1,,MOWJqwwd,11152.0,I7GqLEvtiv,39068.0,yDQuL2vto ,,6CPznauy84,76344.0
T78kufyxBJ,53096.0,Pb\pJt,26771.0,xcsxpS2TwH,53366.0,XUTm0l/,49269.0,S\CGH7xYi,96970.0
T9BY92thm,77184.0,p8liLC62mK,61401.0,bUuPo9ez,82794.0,5RFyI1b0R,7713.0,fTRh45tC,
TA2Xajp,54466.0,hawcgixuf,81569.0,vWmCDW5laL,79603.0,9Sz8SzB7N,75882.0,VSfagwqdv,66281.0
TDaLPWSI,21509.0,T61P7DF,84968.0,cdpG5vauP,27072.0,oxjjXj\,2395.0,yDjKC5bKR,48779.0
THzm1bt,29215.0,wsqE SJHtc,11575.0,g1E3E/HS\,,wk5\1VUN,72453.0,XaPOuy7I3G,80598.0
TcC320tIg,71568.0,dHjM5k9B,5061.0,oC7FEGEv/,60996.0,SA 0p7iECf,48028.0,3H8HBR7l,11711.0
TcesZ4t4,40156.0,hUbzWNwUw,,QOM1ojFv,36420.0,sV1C3cdY\u,61346.0,XOHC 9q8,1031.0
Th0A4aIP,,nzHQHd aMB,864.0,cGbbU2LzJ,,oVWSU 4G,74108.0,ajTy7Irlz,29864.0
ThP8fzQE,73421.0,5MImiYKS9,19799.0,doguJ9ApzQ,81305.0,4UahFFx1FW,54894.0,\qCFXHAZD,83640.0
Tl eOcSU,92958.0,MkcHnLDF5,8638.0,cproFyCA,59074.0,5tJ/qfLD5,67298.0,/\wsesp,67189.0
Tt9MGRJwQ,98123.0,twPvlhmG,21173.0,SUqgrk3I,89868.0,G2LzSjLR0,38958.0,YoH7IMlky,
TxzZLscX/,74420.0,gJtzi,91459.0,y/BMb/y,11731.0,y/IPZWrCS,23513.0,6YR6Bp8,76714.0
TzHus/6oz,699.0,0gxRwtLH3,55867.0,z/3r\dsQA,6812.0,ghiQCEu1p,49721.0,CW3coHe3CL,
U5CvWtkQR,42173.0,TJErT7KWjs,93334.0,VExqDA7uk,53917.0,BncnOVgbO,,rC1cM\Qe,5127.0
U7Uk28YcQv,5288.0,boh pwpUa,57596.0,oj4OUPNm,59376.0,MrCjMIsm1I,97240.0,H XI9lH,4055.0
U8GiPF9g,52218.0,D9w4pwKdK,80339.0,VIOzpnYVO9,49757.0,JWa3sT7\Tq,11609.0,KT5Q053t,3454.0
U8dtIQb1P ,15657.0,Doyip 3fWa,57335.0,0J3ZYw\Ge,53646.0,qVA4XA9I,44573.0,68LqjEuGj,63641.0
UC7r74aGCq,19799.0,xo41/HCtc,72137.0,CxGoorl21h,94890.0,AKnYNhDER,93562.0,in/oZibYaT,24411.0
UN2wPVtTqu,,mVxHpl6,45800.0,tvLb9NF,8345.0,hkTjJe\r,13131.0,/dfGibC3Y,41342.0
UPWDvxGf,58236.0,K8RMWhsD,40078.0,g2 Pxs6ip,1240.0,u94gawiONS,14484.0,77Q7htt/XJ,7347.0
URNObVS2,32530.0,vow0gZUCZr,48596.0,\fCLRz3,52560.0,G9XYBb1,,DTKN8gmZu,51247.0
UV cZzHf,47756.0,n6e9fu5k,22097.0,BoXzgoP1RZ,47203.0,TMDguUKw,68625.0,EXKuOFE9Ji,85371.0
UXIREMNtm,28395.0,J3KJlc,12937.0,MT8XlWdxEF,30140.0,cNdCf8CzF,93702.0,DXCuH1QZ,80744.0
U\FKERMX,69732.0,oKB2/OZr87,56996.0,RpyMnLH1,33577.0,DW\XtQu,28140.0,LH6Y dKg,23542.0
UklJjKQd,82692.0,U0ihbyGUK,89210.0,poXaOJgVLo,15697.0,SS8LtYm/lC,80912.0,Kqx\sd90,72143.0
UpS/X7X,,PxWym3423Y,,NqtBIw WM,52290.0,DpeGvCRC,4762.0,\1IrCWzMN,
UtYO4hmdoc,93292.0,zHX8/hrKPk,11619.0,TcQuMNKHVM,34933.0,/w2AJDbLFj,25321.0,CuPyD4Cqr,57728.0
V1 RaW2wM,94235.0,\Z39yqib,624.0, wvIj0mwoU,5099.0,\ojxUfWWW,46976.0,Yh42kbwO0,96410.0
V4Hw9PfndE,82622.0,um3\IJC9k0,69535.0,uMi/3zRqt,97841.0,TsDDbNl5v,46323.0,D7cZXQw4\R,14937.0
V4LRNnBL,9505.0,I6x7GJ9B,21444.0,hmv FsY1V,39075.0,51yzQ4eT,23772.0,mNX6Q3I6T,24501.0
V6v rMY\v,90586.0,\Q7XOJS1,35977.0,wNx0Qsmjy,8282.0,vMQMrULjI/,,Cim2Vr8HE,99165.0
VDzDDK8bD,61808.0,6NQrKcQC,32618.0,AQxhnS Mh,82887.0,T9mpzfZyx,4858.0,oljonWyp,15831.0
VFwtHr,30105.0,II0J2b0wk,46400.0,EIqx1uO9,5158.0,Apnf 050ML,41199.0,HzdxRNS zR,
VH\kjDpIZ,18932.0,8Rs/xD4KDp,98449.0,BBkcmgpM,80511.0,sgtIziTnV,52463.0,QzCWK/UM,44219.0
VOzRSAFQa ,85873.0,7iqDR0FL,20686.0,7Pi5Zrhf,18183.0,10jGg2Ef8,14358.0,Gntv xYS,48308.0
VPQ02hMt3X,49222.0,UoyzQddY,12334.0,HKjU9x3Ca,10543.0,zxX16WEC,7226.0,BtMEdI099,79350.0
VTnm\9KRmg,98191.0,192gfuzJ4,5303.0,IsEqiBxVrN,62164.0,0Vn4mojo2,51665.0,76vj18c,87234.0
VXWO0AMPZ,6210.0,6pOyLmOW1,2770.0,yJ\NKG,75205.0,EHiRBIt,34761.0,6g29SzjSy,1297.0
VY0ZAvwiqc,,M3O6M\X8,74107.0,fboEqMzTT,80650.0,8IPfCkz3ZJ,29893.0,S8\bg7,44673.0
V\u\YGP,37586.0,TDJB1e8H7,,TRB0y 70T,96105.0,E bGXWVVk,,Hbabr9cCX ,79320.0
VfYh1p8KVF,16567.0,z9p6Fs/,16399.0,Q5iKygfMHc,37504.0,SmQviXEMh,,t4wbamQxb,10185.0
Vl 7cbB1FW,41422.0,RZy\F6RV,58029.0,hKo\NPYDk,78976.0,9afP7OBDra,8822.0,7OEwxuhJqD,78300.0
VmNGc66dm,713.0,QV7i7e2 ,154.0,dp\seyY9,82290.0,XykoCB7Sm,57287.0,lIG8yTTy,96809.0
Vp 9fCP\,43119.0,VGDegs2rj,15667.0,25LAVNv5p,68382.0,uQU35u1Az4,65128.0,REBF5hY,
VsoNA/jSr5,13049.0,vzWAFZ85b,58684.0,Cf0d4Ejk,39133.0,F/3j8kOQ,30912.0,aBZP\A51Kf,20402.0
VtuoP C6,60479.0,0QA8gnnc,61584.0,t3zAYdvnB,15546.0,FXLIiTQ,54104.0,LACUEjCUb,60895.0
W0nrzQdGT0,82091.0,UognQEcTBR,36348.0,YrZ/ang/jb,57212.0,DQ0vZLWtv,81099.0,ujSSlu 5 ,
W2/QTEYp,94407.0,1BcfHtYO,96238.0,hAbDlvi,67143.0,9oSpk0hB,33476.0,eEo64Xyp\,46830.0
W3ksCU\tWZ,,HSikE9gOaA,,P6\DlZesI,24781.0,can8A9Gn,5088.0,D\kFHtD4\,41581.0
W6Ne2f,48382.0,vtpfrvU7,,nEezWiA ,26876.0,TpLmrS90u,97774.0,a2N4wavGG,68476.0
W7u V1qC,7654.0,OVdfQiTHK,78876.0,YTPrOcGFln,80866.0,34zssaL,,9hN24mE6X,49322.0
WEzYYD0Kj,25104.0,vCRN3UKhJ,98293.0,GSQXFxz/,64429.0, jNULshhj,68361.0,Gwv9VlMzZ,96311.0
WGZ6mTf0K,3682.0,zI80lLKSz,,mPe\7Fmf,95714.0,PjBzng1,45011.0,Y1zfMEKR,80358.0
WSmSTg4ql6,,lBuLTAy1g,92196.0,dEJEtM9t76,,bEhQyQB/,27630.0,vGdBCJ cp,
WTSIgB7/pm,20785.0,35d1I2eS9,92814.0,5XUEEnp7y,81963.0,X/9sUJk8,61149.0,K WH13806,52740.0
WUBxfI,,Ni09o4t8,21555.0,fV nZ1de,64707.0,s1APsggq,3815.0,/FaBNWWqv,94303.0
Wa2pbrcz3M,31944.0,rCrRV5d1h,56091.0,m7PvYv1Ve,93139.0,k7stp0,39699.0,qnwncYELX,38970.0
WdL3I27hFK,91333.0,3rSlBAv3k,57554.0,vziDB6z p,36563.0,p0mKilU3CA,,764apNO/aa,79598.0
WeKwexQJE,24447.0,CaCYmE9,93453.0,KzZcA9,75364.0,UUhE37Qu,15186.0,AFpKeQ nWz,41751.0
WtVO Re0j,33751.0,wGkqRnIh,65295.0,XyYxVRT8S,81949.0,xo3C7Z6y,10891.0,uGqc73 x,66435.0
X62rmkgu,83438.0,pCe\82BY,93089.0,V5j32/,34269.0,9S6yT7h2/S,,CgW9tKF2,18209.0
XEEQMoq,90139.0,vY8ANQVJb3,62246.0,516HwZZ\,71167.0,M1xCimXG,1874.0,OPo3DNYm,77580.0
XHj sRYuke,10874.0,Gwrx5kS6s,,MjFK8JPjzr,52931.0,A/rl\We 7,,7dUmveoXm,93422.0
XO6Btu9,21238.0,0V1sTEfnD,12311.0,T3uqy8HEh,20901.0,YTii9WX,35000.0,1CTENla6aX,96243.0
XRZ 8DDyq,50775.0,jg4 PL8,,BEnclWYb4,68600.0,e nvDohP,3224.0,kuhmv1OzU,28459.0
XSWems7\r,26201.0,SC84rF/d,63943.0,lV72nr8l\C,31792.0,jPXfHt3j,94048.0,Z8hqvnSw,
XZgBKrZ ,76045.0,VVK7L2R5,46283.0,k\yXHDRv,67749.0,f5x7HyGt,49657.0,pYcQcGSH,64516.0
X\uaQfJ493,96995.0,AUcuBC8qFq,67403.0,7t\rbRBF9,85878.0,v8y5YvPQ5,,n8hWkrdXai,43673.0
XauIYeA,,0mWqWnXCj3,29562.0,oRDvQJwiMO,88457.0,nnC8Ay\m\,56843.0,3Fpe5eLo3M,5959.0
XlvWA0z,18081.0,gaEjbOd7yy,35584.0,qwGiiyQU,2298.0,py5N5JDi,53588.0,6lsg6x36a,
Xv7CGg y,36483.0,1PBE4mZs,96221.0,Mzifkqke,50125.0,HrFO3A0q,20132.0,6qb7eeeX,47997.0
Y 6ha8c\0,19125.0,ABTBJOFkX,,NQQ9G,11282.0,8MxXTRfSk,52681.0,bkn3b W9w,48923.0
Y dbps2f,28039.0,cTi25D,20934.0,mRJGBsR,38215.0,dm4MnL6Y6U,97145.0,Ik Nq9/A6,85390.0
Y9/bXRyvD/,95641.0,o0dsn3FGC,61570.0,3PIO/21bE,92656.0,eMGuxoUM9N,75145.0,Jol70W0dq1,
YHusRE7L\,1585.0,rePHuFi4b,17167.0,Ec6LJeKvF,7021.0,HLJo3KR,217.0,J8r53yJ ,78056.0
YPs14tyEj,6882.0,NFAQXXACS,97211.0,lsOaqLbk4p,9552.0,RuX9xWKd6,22592.0,\MNSta5YV/,63520.0
YRihY50dNh,,MLksLXgt,50871.0,s9oFvk1,86267.0,Blk45/wh/I,60474.0,MsNPFrrq2\,22242.0
YYUcR0oHH,84063.0,3jTi0vE,63277.0,HJTWBgGvB,,qsFPJGyV,,IjbnYgF,40653.0
YZaP9ov86v,17894.0,yLqwwqIW,46747.0,Vbdqr0Az,,cteBHDnc,,Ki6oUUgUQ,53299.0
YZpQdM5 ,32041.0,iXu95tYS,50960.0,bOQF0fKj,26110.0,fV0sFpj,70926.0,eGIMh96C,16908.0
YcVQ9Qin0,96395.0,AmwYnWza,94951.0,EEBO5/s,13381.0,YChDj52p,19309.0,fdBQs kp2,55149.0
YcY1R1rR,41773.0,cgF3PqdVLD,50534.0,ibDMUnAA,10447.0,w2AH4rFQ,89899.0,\QvIrcQ,36919.0
Yg1LZh2ux,83536.0,ATP\LHQyP,11978.0,9iZx V0GO,34270.0,GA 03ADeFR,65534.0,7Cnn3MD,52533.0
YgLa2eQp,86239.0,fQy9DJK,16263.0,aD ikLQ P,46855.0,iHQ qz,98838.0,EPC68KKdUE,15444.0
YsUhsLMHB,93919.0,v1lmIo,18223.0,gstH3K1cO,31808.0,v5qQedAU ,97595.0,IWByYAl7Vn,99333.0
Z e94Pf,55962.0,WKrJ8wZ8,,BOZ49m2ym,60685.0,Wse2wHqVvh,,Eyk5lHjh,52461.0
Z0jHUptP,3920.0,4/nIsKI9YY,51404.0,ioDihvhNBG,43761.0,bQlqVa4m,51890.0,INQw\r59K,6188.0
ZL7glq14,83854.0,zrPW7jmE,85115.0,fVp4Xuxrq,28962.0,QaU\1mJHo,35968.0,EEZ6Tg1F ,43121.0
ZMr0TlSOmp,72156.0,cTVzPBAh,43368.0,avi0aTWA4N,24878.0,szm5ukeI,99164.0,8q1GykKf4,37561.0
ZQ4EDZN3B6,68438.0,8VPW3Nv3QK,,t4DXLk9y4,89096.0,O0GKHSFi ,78186.0,GI0z\EaA,527.0
ZQABvAE,97459.0,gYdG4oAikK,45489.0,nu tgn0F,23174.0,W1AfrzDv,39333.0,bBXUXWetp,25948.0
ZREyenEH3M,70321.0,vy1\4\w8Tg,95567.0,2xGgbcac,78169.0,vmS4p5pD,16309.0,Zb3/XQ8z3D,
ZSe66Lk,14866.0,7o1iDxz6,29219.0,j/PGlfv,67853.0,xizihBs8qx,66398.0,Oh39uoSNQ,97877.0
ZVbMCl\4,24539.0,kdtPvQNMzq,30717.0,G1tLcCTvk,18096.0,b8MNqhd,62051.0,zpnU\u2rN,37697.0
ZWukEoiq,94318.0,9VvSuKBF,95401.0,irOcC7dDd,51152.0,BPX7SXVV5,37225.0,2I\CyZfVx,20322.0
Z\gfSU863,59914.0,6NXnuQoo\,12229.0,PCpUCimRtA,70998.0,HD\Eexrk,,A4PgJZOM,34932.0
ZeymHewt,44662.0,8yajeoRJD,97483.0,nJDcr8CXr,18324.0,P/JzpX\N,75348.0,mCH35Dl0,27120.0
ZmKm58Ia,55774.0,U/9aWTsCm3,18119.0,0Ll9DNET,91732.0,/qbpJM61MI,10127.0,iihd1Olg,40081.0
ZmMavtolp,4474.0,bxAHoBMUW,84935.0,FesIuH8HkE,97508.0,/ygEb3 b2f,73113.0,8yE5Mj6A,99532.0
ZmVY4Ft,36869.0,YM CDL5ny,73599.0,B w0cBw0n8,,RueHEYfKH,84891.0,LFBo0LR98b,61629.0
Zyv65SJCW,15999.0,j13phZHFK,2874.0,HYfEMsAqf,, UBOjdUMp,68924.0,6gVngB0QGt,13867.0
\ atvwG,68450.0,7h5AX7A/0,54066.0,L oiWcxJN,6337.0,pqOErxWhM,95201.0,\Yn8AB,76655.0
\0 kPad,78208.0,gpd4y3KZq5,13710.0,P2OKN0Vz\,98579.0,GldHRumv,94582.0,5GIwsFVbGK,51564.0
\7X26oipN\,19170.0,VpzqpbLdT,85467.0,Qk7WybXMC,19727.0,74kOsTW z,,S6KkEcKp,52321.0
\7bdU1IyrZ,41759.0,CyC4p300,60914.0,kaZtQGSqj,93729.0,VKCGTeo0G,22150.0,fS02dnX8,51397.0
\99D3SeA,82335.0,l7K2q0m,96805.0,rmym5pG4,24204.0,BkXQwBA2j,42841.0,3l Ej1F13s,33445.0
\9\MEL8s,55688.0,OOYeXeA6,59642.0,TqBxSQMs,45460.0,4oXjsaZ,72785.0,M67/ahMW,91142.0
\JeYPPOf,22525.0,/vfLqY7w,46303.0,A oHeh8SM,59568.0,/rTYxSjH,4371.0,pIJyiPx7VJ,41630.0
\LOpSK Dx,,H3TPvKG,45935.0,F/8j9Zq4YQ,,oDimiTC0R,37089.0,2slAseeLO,3621.0
\NK0O4o\,48642.0,erTIwt al,,3x9DO9Wl,56810.0,O\MlTOS,43344.0,nSP/\iTg9,86380.0
\Ov8wAhcwf,,xHrw0bn1Qa,54971.0,DsHUEfUosR,11920.0,AQLmZwff3,75915.0,wZBHgCTDa,81928.0
\Qj51k3yB\,29759.0,rSdRPpmv,34746.0,lSITMigOQ6,57820.0,jLKd7GIxzy,,xVHM41W3,92781.0
\R/mvTePl,20329.0,4W8ckWjxZb,84317.0,GSSv7DdY8,47066.0,tadzPMKMaE,75924.0,VRReaZUnHS,20765.0
\Rdw AP1T,2647.0,6ndN3fyL,29313.0,Xd0t Av ,23627.0,YTGlLZ/9,,Z1lPo3mA,51893.0
\UFyRO2v,7771.0,ETh0meiNo,32121.0,ZkzuAROJ\W,22865.0,LHtKE4cBMu,76666.0,7 3xvJ4p,96159.0
\Wzs6REIh,66185.0,utDXg1lq,88674.0,\8A87xOT1,78209.0,BkonPg9uYd,39187.0,qWQek8y,9797.0
\gfQuMA19,47349.0,VkTO2bMDZ,34507.0,YB9VPqFUO,44756.0,VDtaUvY,86382.0,rJO FAmac,82017.0
\gmLiZ/4xq,47187.0,3MZNrXjHR,24930.0,LWpXIF4m,89299.0,hwlN\HgCv,,Ooju8V sB,83434.0
\nwIUOlz7,71826.0,KA\oPoQoX,11224.0,m1naZMc,53362.0,iXqfTmz4,97607.0,xYRo Zs2f,22537.0
\oFF9cvdA,44989.0,Jg H01Ur,8854.0,caqBa2L6Hm,47714.0,nN59NykLgU,15388.0,8gdy6H5BVa,54522.0
\sHzUk7,82808.0,FJMdynOX,,f8NKFhRs,55597.0,8ktK8W8J,15239.0,ueiyiCX/P,21001.0
\t0kq58Qc,94535.0,k5ZSf09eM,15860.0,R1F\slRK,4282.0,AztezrxO,,E9qg/67bbS,68370.0
a3/39CDW3,56475.0,fMw1xzmT,82841.0,RyBQs7,9946.0,mt23QFUpL,,oueJn6gw,64022.0
a98lYwmDYY,31546.0,cFGqkM5A8,87632.0,WMrI08i8qV,98427.0,2QzQVZ \4,68983.0,y6vUMaCPcu,90836.0
aLkyZF3CC,20799.0,qbYpH d3j,,ZjJvCkKcX,,5rbOD5m0w,8463.0,54K8ChCB,80630.0
aNpcHq03/,68276.0,oPTX2XKv/,39861.0,ju4yG80/it,10494.0,SijjXjCly,94875.0,5h/JrrUnO,5970.0
aQW3DhoMN6,60930.0,UBz8YXA,82927.0,znwBLu8a,73503.0,0kQEE/JAQ,82805.0,8LJaJBb9,
aT/gLyMY,72199.0,XdH0MJLw,76719.0,WLh1lqMGd,97033.0,/83A3Raam,43605.0,Xzp/ea0V,22684.0
aaP29cST,82940.0,51eBX WCdO,61168.0,WshKqKAnm,17839.0,ZDPw z/,67006.0,jwFZnHvVq,21738.0
adC2zcnZ,11874.0,LYePjCd3,15310.0,PfHKYsxRw ,30413.0,wHTY\r/L,51840.0,1bVBdQI2B ,
afZq8fcIg,24090.0,pPwq/EIPe,50503.0,niNxglL3J,45136.0,NW2 v\y,11620.0,J2XYTHAh,
agNdDBau O,62232.0,w439C4uhB,,s9n4Srix,24187.0,6oz9wAwGV,84167.0,ps12iYil,17633.0
aiD/EGrG,27101.0,lf9HANYJg,70473.0,VFqFdrQG,65744.0,mMHs 5D Ah,35418.0,wDVRoL9hu,3180.0
aj1Kygqzl,83109.0,Sbz8K1svL2,37032.0,3so JQgTG,50606.0,g0si4ysHj,11855.0,Um/uocHob,9348.0
ajb0Jl28d,44465.0,l9MALFC,5771.0,QGfWhMpv,49718.0,XJtwp59Q,15309.0,8Qog7jJ8Y,
apGT/m/,18844.0,IbBa7vvyM,76494.0,K\dgQ5ZLKA,46677.0,NTE8zMo9m,42224.0,v7\mP7ot6T,71537.0
arEPkjiXb,46992.0,kUbPE\IsM,22990.0,zFFQMyDEma,81101.0,cke3L\b,10200.0,w68McOu,1277.0
atrttMsFo,89257.0,sBNGpG2U,2764.0,1fKVNplqN,86357.0,9aO8xcrWPE,83760.0,1RJooMEfdI,94037.0
auUGbNDo2E,22502.0,ojG61w1xL,19488.0,l3TocTz8P,2282.0,68OKYahBp,83727.0,hZJXxWanCW,51460.0
axHxnnlv,28149.0,74mDA7yqAh,,uKRRWaky,20217.0,hCjCg0XRco,77396.0,xokz6r40,47667.0
azjHdtN 2G,64899.0,f3Zj1gNt0t,28972.0,kYvW8kXGt,54725.0,aAg8b0I8Z,78520.0,lxfgOj3aN,49795.0
b/PQUOxpQ,86531.0,3Efp1A16a,49476.0,CBv k sFp,35238.0,qRriXJL9LE,56132.0,L/htN4DxS,11284.0
b1U20GPG,50036.0,gV8y\TdX66,53296.0,frJMFVIF,36054.0,JStqaRA5/,65200.0,6FwTVWmcxG,8596.0
bGUIA5O,82921.0,hbrgqYMRH,68532.0,q1tZDgO,89505.0,Sok9VrL,85291.0,aqEYI7x3fa,4110.0
bMZC7o,59512.0,WZ5sntIl,42449.0,x MCtbflSp,10220.0,Safc8CBUl,88838.0,AlFQ3PN5,86813.0
bYzy0delW,21547.0,Krh9Ivg,56689.0,HX54AK r x,10280.0,KHNz Ll 7j,74984.0,ttnqdbhU,83584.0
bb2LUYUuK,8303.0,vOB99,99322.0,evfELeHji8,72380.0,BE89iSI4q,99529.0,hW16eGChmD,10315.0
bn8P/whkB,56248.0,Z3VTz5Ys,9324.0,Biue\6Qju,,O2Sp\qyet,2533.0,F2pJKohe,67374.0
btn\2M,53951.0,P7G4uKztq,53773.0,2fcrQc9,76906.0,t1qY7q5,8134.0,xX2Y3EsY,42170.0
c2ZdR8w,15658.0,zRpWAthp2,,WGY9L\A,67863.0,mt6Tx cnz,95962.0,Cqb/CeIcJ,13543.0
c3HMOBm7e,38896.0,NQXoiV46H,21381.0,SKKrRZ1R,34848.0,pN\oiQhy7,78519.0,O36qk\,32278.0
c9NnI3f,91411.0,r1lh51Yp,,VLte Bm,36150.0,SRsdmAJa,,Mdd/5l,4100.0
cA7FAkQsR,19919.0,q29iaRrG,54243.0,iFz8d5UC,92787.0,qes 7m,73107.0,MkmXBOaq,15958.0
cLE7xHFkSJ,80376.0,eyZDlutdjo,29940.0,z6DmKT,11411.0,Bo7H9raj,,YNs/8Ua/,98079.0
cNDCV6dX8L,64533.0,ToUyUl5AT,12485.0,GoXYPvQlZ,59405.0,89DWee1bp,36302.0,JwD9pOmeVu,42784.0
cPud12sY6,184.0,TattyYzY,80871.0,lj6sT1JJvj,88476.0,umBAXmy,80157.0,9MvQQwg1nz,2234.0
cRW\xBR0,17727.0,l5Cp94Vi,59081.0,s90dwSc ,95208.0,pKy Fh2n/,52195.0,c\TFhSZbz,18078.0
cUioJU\z,39984.0,gvDZ9JA,88213.0,UmtsWftyX,22857.0,r5cahWQ1,64611.0,TX1bdGJ9,96230.0
cVr ZrKOH0,, PmZqXKTS\,,ks 7/2/AjJ,,4GyMnC3dx,88829.0,NsEnITSAsI,66992.0
cWoGTmwK,85244.0,wkk2KxB8,40342.0,weyaV31/ 8,,Sk5cRDJN,47601.0,Z3sTvbA0,38462.0
cbExowf0L,21360.0,WI/hZL5e3q,,fbzEj4Mz,14554.0,vPxC09yr3,18518.0,kIriibrq,38531.0
cepClUGEP,11087.0,QmvEYugJSq,93581.0,nvQOInQ,1034.0,5Ys 1X4pd,,7X\U7c4Cbh,82938.0
ciS/6Byy5M,19238.0,HvXmPJA,38767.0,W94AnM/X,,BbrDdi,10243.0,Fz2xrmyr,99656.0
ciuDjM3,,mrMgxnK7b1,,EfhmLG4erI,68219.0,2RTL/nPY,79101.0,UbfMpY yRy,73188.0
cpn0rj,85598.0,jsXHUY8i0,10722.0,TstgT4Vidm,83344.0,TQJKY1 ,84707.0,ivLU2acn19,11340.0
csAwbap1,10544.0,KuaLIe4,57540.0,eGhTPJt2B,,rUhOA6DVPe,,QyLNPOi8e,68363.0
d5xELe6Jbz,85759.0,yRMRNDDQ,6489.0,m/aorMPX,59150.0,f7MzBLJ6si,37194.0,0YsfjwTW,95722.0
dFRze2X,53392.0,x48dd\AbBo,73384.0,NH1Pq1UeH,42065.0,F06gklfQJ,89815.0,VgsHu kG\6,74564.0
dINx1O5Vd3,70471.0,Kna9\8AU,50925.0,1PoIpx7/Bc,89178.0,hv7G1l7 \,96317.0,34x tWnay,44813.0
dLGYYo8ayu,98246.0,au CtEMXz,10385.0,RNiBV7o1,20025.0,hG/b2W,33539.0,Lsa58ftfq,38950.0
dN/mhheDL,9238.0,lGIqP2oksM,59378.0,OZKyDDtMc,57410.0,IC8RvUf,61349.0,hC2OhIK5q,98815.0
dOSMA2sHZ,14131.0,Y2a3xf9a,65966.0,K6SrHm1,61190.0,VyRyTFbpF,52898.0,tPuwQ ep,
dOsHpbJ8,61521.0,RSxGDOyg,59764.0,OoVEJMbtG,37490.0,2CeZIy,96165.0,vH8ItP,59577.0
dRtGx6lT,28016.0,ShIqWgnM,37927.0,wX7N6qD,83634.0,VW69tU8i,1437.0,JrbkECXrG,61867.0
dSYBqOIx,1361.0,BVAoGn Zf,53638.0,URiARemvv,22863.0,lFD\JLnrX,37498.0,iVp5BEB,30529.0
dTtG43ACu9,36003.0,yQ3bp/uBCd,65354.0,Ygoam4c/uA,67818.0,p4YG0muhR,9183.0,yRAk3lW,61637.0
dUX/ein\l,34230.0,Bjqu eFTT,93088.0,XRRNXGne,14707.0,sv9//N8k,96385.0,tDurDRrlr,37142.0
d\hErJ3R,, B0ZPUUc,47748.0,vrGldzL5H,58068.0,qzufh6YG,55585.0,4241CNw1F,58220.0
dcAO\dxC,81659.0,s4469EO4,18093.0, KPNVJhEf,63040.0,X7h5Nu\G,86678.0,iNbpOfPin,92611.0
ddMY082Rk,72956.0,0gcxaSUPS ,36835.0,chRGDFaUh,53519.0,HKjF 9Xws,88972.0,Z3PxMawHl,70938.0
dj tU6,1403.0,ofwrhhy4Z,81353.0,rk8 FLxK6Q,50422.0,X\vNIpaO,35983.0,j\MNuA3Q,26399.0
djCduyjIAB,9278.0,JFoy6U i16,88865.0,fa3HXyam,15693.0,GL2RHUiu4,13257.0,Uo6BmlYw6,7683.0
e5Y0h80d,95443.0,\T8F50P Hh,6178.0,5ezKOWN,46833.0,Gc16XfA42,72143.0,/tycMOv6PF,88502.0
e6gOPvVCF5,61749.0,s3bM2O9cxb,84242.0,vDIbY8O,94396.0,hFPYW3cgo7,27188.0,iAnrLg/oBQ,
e90IH79k,50169.0,oUJ2hR0FM,79736.0,Ez0OWVcZws,6154.0,tzcoNwS7AU,89932.0,eicuCiTlSC,28207.0
e99k6Ix2DN,33939.0,eJbX6JLG,21328.0,4RppfPyfG,97897.0,4QyK\Y5l,1428.0,qo5tq6I,51448.0
e9Kw7s9oHj,,m6JCUOXTO,72732.0,4M aKbF,57320.0,kOupJdK,,gqNYCOQphO,57529.0
eF3AI0jE,26580.0,dsIgX1V25G,28666.0,LmnMFrDp,,hLz\TS/YBE,78215.0,JmxomV7KG,49553.0
eHOKPV5A9,59177.0,wWx1\gbL,43999.0,7zS OY8,80555.0,JlCvQZ8i,90877.0,tcaSwX W,61772.0
eLNlcPBtva,63264.0,apk9/Cw,16402.0,8dRncAsS,50228.0,DnNfgUXBX,10212.0,IuImhUAf6,67633.0
eN/9lSLp,77279.0,zn1NKEkVlg,,DkdWtzoyo,53022.0,0Lh8GGxA4y,43975.0,4cjjgaS,64097.0
eSzyvvGsl,71139.0,53g8M8Yjo,28207.0,8T2A Wr,75250.0,R0Vkk9GL,55790.0,l\40C/tRn,
eVwA5zkTo,88459.0,LO501VRUvg,62539.0,Eej3gz4TUj,23903.0,SRZpw\,45663.0,s5QUg0CW8,67478.0
en1FqSnW7,84737.0,Bcz4K9RU,68341.0,5x9BFJj/Z,2222.0,36ANlnkZK,49934.0,dhVsrRW g,56762.0
eo5KNY6EJ,67053.0,chsCCtHH,79616.0,07qh HNlB,32755.0,V7tZH8bC,97147.0,0PKklQ\RT,32422.0
etKo9vm,93714.0,Dj Yvtqz,71506.0,2Mpd 1yNCd,3787.0,3ScQoyV3dT,50779.0,dCXWy/Ur2,98396.0
ewQDnfx01E,19904.0,GuNa vV,95357.0,4CCP8Hz3,2556.0,u63yaU1c,56448.0,y0qrMwKng,12526.0
f31LI0\\Q,43950.0,3n\M2myz,25944.0,fbi9oNqw,90012.0,zQashGxj,12325.0,aFIlIP1X,3529.0
fYlTLyVpH8,14254.0,4EURmGMlJ,66895.0,PGjKs ,47514.0, Mww8JrR,85045.0,Rg J HY38E,62470.0
fa6KRPFFS,91628.0,tB5mY49X1H,38197.0,s8xAr,75871.0,GBcxAJoUoK,5033.0,H6i\h Clj,106.0
fpVN8WG,57954.0,jJiVuL1K,46608.0,b2\/KE ue,43081.0,j0DgNyIRc,45725.0,KRPyCaedo,94378.0
fq9X\sKT,49005.0,u\pnnTSFL,75016.0,xF3mmV,80208.0,s2bIOw2/1,39089.0,3M8ulypoE,56195.0
fwVDno,77264.0,MZyioKIi,88808.0,zNnHc8rG,,yPappj\2MH,45289.0,aHf3iZAXs,
fyWRxKu7C,85541.0,QPp7d/w,60866.0,zXAa8rwE,81098.0,J3cIv7Pu,64936.0,vFLi 4rM0,77188.0
g1W6bOlQ,,uj/VzmhzkV,67154.0,8NwytGbzT,23683.0,AS2tuBObp,93114.0,NZBTgc9p6i,20493.0
g3yP8KZU,41576.0,yH5Y/fmA,68991.0,eeAK/yP8,61122.0,11VtRgS1,57806.0,OwNwqjsjh,40232.0
gDH8o6io,,siMLfdRo,23850.0,bMkYbMPM8Q,62976.0,DYeJY/jTg9,14996.0,AqoFInzO\t,7817.0
gFunsooFtg,58231.0,XGTQjE1kn6,,8oB78Gn7,70314.0,3z1m7jXWYw,,o\PFBK4K,26820.0
gReEeNWN7,26639.0,biovrEYJUg,21813.0,cTtcAmAw7,95836.0,gHVt0i53g,7280.0,vtpXeMK,50856.0
gS9E58y,20632.0,pK qlj5Y,31300.0,iHWfX\2,55325.0,S4ZhbtCP,48417.0,z6ZVomSC,38347.0
gUuYC1sc,56954.0,LsxNRTj4k,99601.0,IM3rU7Bz2,59024.0,bHwizDUPwF,83054.0,3SeIe/K8,87846.0
gfpCjI3xcF,73752.0,SbpCT em6,58245.0,xUttaA/sK,31772.0,OAHudUK ,99911.0,9tkDgo,51367.0
gg00n76 O,28348.0,jyxnHc2/t,29502.0,VEm8nfr,37210.0,t3Yd675Oo,23232.0,z7rfJzhRKM,
giARmaU\v,85992.0,hs88f0dSN,97538.0,DaFfA6F7\y,61636.0,UVNK7lIpwO,66968.0,2tcVlneT,47436.0
glcTI\QJ,36502.0,Wo4Nnpg3,84128.0,7pA2s 3M8,45466.0,A/TpYQou,77759.0,CX9lTucb,
goJlXotDc,76400.0,p5GtwzNqI,40431.0,RjgcED8,3473.0,/VgISsCv,85239.0,N2oKCslznC,56170.0
goMYSjB 3,88152.0,smjM48O5,69173.0,JlTIdrbJ,42649.0,iVUPL/OSW,70307.0,0cL0f i8A,91583.0
gpReaVa,5101.0,rnckjutK,30142.0,W3GMBlt4,7744.0,a/B4 /kBJ,68489.0,evzohopH,32685.0
gpg1rOSg,5788.0,Z\hBotw,70421.0,0RbsiLe2,50193.0,KSNR3\18fM,96988.0,s/iuakB1,68770.0
gqWzGQnRR,91883.0,2oB0FJlo,45594.0,YKdkqf37B,82562.0,YR0 jhRy,34595.0,PEZQX3FL,
gqh7DjHZg,57040.0,16QRj6J,18118.0,DEEmQoj,40621.0,m7T8hLYco6,64309.0,Ect8QV4Mg,10243.0
grdsTXgGE,33464.0,3PcT1JFZ,69514.0,ESQGL5nKHt,9952.0,gEqJxTfk,46352.0,L u1WSzf68,35376.0
gvOYwvAnd,57492.0,UcMzgF8IpV,42202.0,8X IgBjiQt,14504.0,Bk2qiKnL76,62990.0,AwqXdQp2l,56784.0
gvm\Qi3iG,38751.0,GcC25RR/,92954.0,oN3cSSEBYY,62246.0,4upay\uQ8,35141.0,dS9/NqpeN,48710.0
gwyaEE08k2,,74YvT ac/2,70711.0,zoRDXQiej,78328.0,uWJRv5K,76786.0,dyW59D,4758.0
gyxYaU2ny,71100.0,4NWmWwhE,40396.0,FpjzYBiaT,35843.0,608rC61nf,8576.0,KV5yKHTo7,40774.0
gzhD/f\E,65753.0,y id99uC,87988.0,htdBTQG4,78263.0,37MGTwb4o,57565.0,17BksXMFm,13367.0
h7839G1ty,32268.0,s8\Ikzr5h9,18481.0,RTlfowUO0,79552.0,lBkDDFmn,36154.0,\w03XgxIN,36493.0
hDEleMNe,66910.0,U/Mk778g,33892.0,s7O2MRwSx,20848.0,Ez0TLtPuB,,kIJ3HHY,40553.0
hRh6b\DrOU,844.0,ox/qTwgi0,38702.0,BL9VzM3wB,9245.0,kjZ663,440.0,mJkxiG MsR,47269.0
hWt5iwhi,96249.0,Ja0O nEQ,34301.0,4Ax3NPuyHm,73583.0,2xrtY,90227.0,vI72BVY5,
hiVPkbN,35946.0,ohf/ho3Q9,35102.0,SPWZYICZ,,WiFcc879/,61881.0,sDnwxrfE8e,61459.0
hjszdg0i,97563.0,Nx1KuUlDw,,ADOFPkDsjU,97930.0,ohs4C8yn,16624.0,PEK5vvDuXk,25695.0
hqi\U,49477.0,wvGcmfmo,10461.0,XiYy8Ds,64301.0,o7\WXdBx,,MiiONnVveU,
i/ZShtA,28106.0,IsaCpmf2o,85951.0,MvTylmbr\,18184.0,B1t/nZc0BP,50659.0,7xhKlKgd,283.0
i4ysJSh,40000.0,Z8vFJktb,47182.0,MH4jRNQzL,17646.0,jj/JhGA8k,,6nry1BwdC,78565.0
i5/sEANUgr,82987.0,3jIxvOXs9,79678.0,WYYzPdr9,75284.0,TDbO30Yd8,5624.0,M3/cDjp36g,10710.0
i8G5bVZ1kr,5310.0,761R6E5asN,47636.0,RtjaC/X2R ,637.0,fZdwKxM9Ad,73336.0,T6UFJH\w6,89672.0
iBcNBIo7Uw,86642.0,ml6ifH\w,84288.0,mfhPK\t\,5089.0,7vNZNxCJL,30908.0,rar6hMrZQ,35309.0
iDi7ANot A,56084.0,A7KMi8FxM,49466.0,xgZKzAn,80237.0,xqu0eRgFW,48238.0,rLyYH/yu,54725.0
iSDGrdmjh,34247.0,1fSXEpFH,30781.0,w87nfJ1j,1479.0,eAht3FcWl,4752.0, k2Vkfd,73168.0
iV5dC,86072.0,MlpbMbDq,42306.0,V7LVaoTyW,18210.0,F4dHJSTxVN,97324.0,uqTTXQfIb,6198.0
iWP0a4Oh3,37923.0,cRCChwqy,43272.0,opmVrZLU5,26277.0,QFU0itbXBJ,11667.0,aOiTbmjQB,4940.0
iX\J\0MgE,60697.0,4a6hsNLjtE,46235.0,YvQev0 ,26249.0,5XULTwgnt,90338.0,ANCnjo,51815.0
iYQkBJUnaT,94693.0,gJaOpKxAZ,40325.0,OP2YuW4/A,45186.0,vRHsps3U3D,64015.0,UlwYK1sIF1,43813.0
iZsiy\xLg,91387.0,IwkG tfMAo,60330.0,ilmwRJxa,6822.0,BXY9wy77,95473.0,vKYefH3,77307.0
i\5UirEF,94306.0,rNned\j4QV,34109.0,0XmsRHQ/w,83242.0,cQu6NfA,54064.0,FHXOtSkS3,28366.0
i\HWBMLPX,85280.0,8FdvXvCOHZ,95155.0,SOCtRL,18866.0,ZphYTLBZQ,82492.0,x3IAfI6n,
iaUG Wy,83110.0,IuXhunJ4,23317.0,aIDXO\fa,48140.0,D03nwIlUm3,80609.0,LBbWXFbNa6,94966.0
imUG DxgS1,47754.0,zN u2ArUK,90576.0,0AKn10Cg9W,32967.0,nrZUXGTSNu,88635.0,I9ql2XU,41036.0
ipIifoNJ1,30031.0,1Z8WU62zC,24423.0,f7uwzNQ Q,41878.0,ehhumV/k ,90619.0,fJM2X8BVxr,65349.0
iwRqxQY,97505.0,5fsPJa1FpS,38428.0,Fw1Vq Muv,21831.0,RqopC8Qp,80378.0,kLggANOjB,4068.0
iwoHOEiklB,65172.0,yeGYC7U,39900.0,92Fl 18Vc,60689.0,yqTamLHdX,90427.0,rDyMTv3U/4,
j1RGGHO /,80653.0,U4JFV3,27309.0,Y0iCDSi3vQ,53987.0,LsrQQz1D,29416.0,12WP4UtRZV,45277.0
jE4VVLuG,7892.0,x\AIhk3Fs,64580.0,mlewok7aS,17915.0,LJrho4d4Jb,1579.0,Vd5f3CKUS,67388.0
jIUSF4kS,62365.0,a3cvClcR,77692.0,6wDV2v,,JN5o186,94158.0,Unh9owzcC,16801.0
jPGUNQ9q,43214.0,W0w7AS4c 9,1120.0,qht4Bijy,92483.0,Xp2cyQ97,9603.0,nBuqoLag,4750.0
jRilMDij8,19008.0,pgMG\80DU,73552.0,cCvX0ct,84931.0,hxPAd OI,27198.0,wftGc rai,48387.0
jUFae S4t9,78767.0,y1DhhJ\Rv,67018.0,e7nuxIhS,64184.0,1gvF0S8ba,89632.0,6oLpQ7mI04,63414.0
jVyh/goLyU,9442.0,si0UaWF TJ,49761.0,FnoFrseD,28412.0,dlwKa2C,19421.0,9SPeEPxd8,15545.0
jZJfdkS,18517.0,UKw3iyjFK,8574.0,p8n4\fY,,WKl3gohKf,58254.0,g2gkdu7z1,32708.0
jdUrT7/cEL,80375.0,AOxNIIbZZ,94522.0,i/PpVZgKN,70135.0,Dr/lWZn0\,75242.0,QstGdde,30720.0
jdqGExJq,21440.0,Kj2IC3W1,33988.0,zUZvRgan,72666.0,T0vqD/lE,76430.0,1/yjV3j,4364.0
jeL7AldY9j,965.0,zGfg7BGy,22805.0,FiyUbXvn,79647.0,yJ4X\0oX,3274.0,ESwlKIGVa,42221.0
jq9aXKpwUG,,qF/W/6\p,58728.0,W4NvopN,52991.0,kKnrd5MiF,80893.0,EzKxGs2T E,34496.0
js2LwHVGDg,3530.0,L4Tvng54Ys,16575.0,dc3J\To/X,15474.0,k f7/7,86686.0,xQ6Gud1 /,62183.0
jufcZCOG,28294.0,LcRlAXt0,13077.0,Ie8zHzc2c,7555.0,uYfmoe/vs,87653.0,qvqGU0k,39776.0
jwt1h7N0V,15174.0,oL GKaYUd,18911.0,NSHCP 66h0,51948.0,6Zy3lSeX,,Y3\\ggCc,41467.0
jyUpJPXKvb,90517.0,BO3AAhiH6C,9436.0,8LYXezH,15968.0,xWOuFpN,57356.0,Qy53JxlMdY,
jzmkr7K,34382.0,R4JGyLQkg,,5npxGZVY,54837.0,GB04AD1F1,52227.0,q0dTgUU,63821.0
k/AyQpYyTg,55558.0,5z13RYkXHE,67924.0,C opS7Tgf,19018.0,T7 96bZ6R,48579.0,Jmt8bcdwzU,8561.0
k7\9Q0VMC,83514.0,zKA5V4Zj,62204.0,XsfknQykn,60975.0,3T9RbAJQ,68541.0,p9E9TysX,25189.0
kB 4HZSQ,4639.0,15yoDWkn6,78137.0,j57f/S 4wJ,26821.0,YMhBoF5E\,91876.0,XXDIcF JHG,46036.0
kDMzRtW,24516.0,7t6Xa48F,63677.0,CI9XL47Mad,10207.0,AwwrstMvp,15681.0,16aoWiOUpn,67524.0
kE3fZcCeMl,46952.0,P0fxclVS,44951.0,/LBx1NFB,58752.0,IDXtrCbqic,76387.0,Q2LuL0/LO,25317.0
kF5dU,,b/5lCv,36773.0,OcNgSa7U,32612.0,z4xrDQRP,3202.0,6DspA2We0,70981.0
kFOrgBort,55479.0,/35LvM76L,59277.0,BZo3xInTe,89657.0,o9\6kThA,92623.0,36PPyZn8yd,96093.0
kFU544xjs,59985.0,YE4tqkXuZd,58124.0,jnYJjrhW,50045.0,qgd5F4m,94697.0,XjzJy1uUu,4901.0
kFiMRwbT,35161.0,D9KuU uIVR,47553.0,R0tzns9e,704.0,szM6gm6J,56573.0,HpXMEWAwv,28879.0
kG N9O58,509.0,9RaOHI,88689.0,7VMNoAnOO,88513.0,wgpYXxq,83700.0,huPOsvjlGX,11618.0
kG6r09oYV,22949.0,wz8E6Ecgc,32893.0,w\GnHgB,12317.0,ezJvm8waE,19257.0,kL1hHe57eb,28287.0
kH59c93m,,aN9yUQorG6,58482.0,DmA1kx1ipb,64774.0,q2lQHNAmp,57441.0,aj0Zi88G,61799.0
kK gfTXr5r,59899.0,k05KS\B,37996.0,OufhlxS56r,3819.0,XybqMpvdb,,5Ym sHnGZ,78866.0
kjINquDK,,37BTmum8td,6900.0,gZM53 FMa8,37734.0,abvqajiR,78103.0,dWw7k\qFW,81031.0
ksVZnPmhx,21219.0,ljF a0aRBW,12668.0,if2IB Bhp2,93426.0,AOnv9pDvx,79874.0,\tQMz1RNM,25386.0
l1yvtpB,33599.0,kkB1wDEQ,13627.0,SsOhHC4Oi,76231.0,YuQrf9oX0C,69181.0,Eu0NdXUV,22532.0
l2qO5VYas,57390.0,umZt 1SZ,,7kTg8 k1Ey,74799.0,96pPZtxcf,68205.0,KEAhC3h,99340.0
l2yAeBeqX,16650.0,MzauhgQ39k,55887.0,DroEiMxLb,7661.0,Q0hBuGZ Eu,,2fGXdsJVM,7761.0
l3Axw,5005.0,VDz9jY4x,88076.0,KvE0VgGzb,26551.0,zF5EReC1,,bY0jvNq6Y,45409.0
l5YbRbSZB,3546.0,9/vaAEo3b,97485.0,jZyFma3dnZ,44527.0, 4Fha9rxu,9174.0,RFg6No,16229.0
lDwKrpNp,22898.0,YPHO5r8/b,81580.0,HScYYeWObG,95264.0,WScK46tV0K,98195.0,xJYtxMQ,7831.0
lOJC43\D,39100.0,jEo2IvySR8,88039.0,09N 2O0Xh,,Xv2qIHdc,74542.0,lm5NBKTv2A,30965.0
lZb0sWxF,84364.0,/gFRfM,71314.0,ngvB4K,25708.0,qyHoBF\fN,91450.0,yS6i5MZI,45326.0
leJ12okFS,14828.0,DbrDdxTkM,39884.0,RG80BV8ifu,97982.0,sjSN\REeI,72140.0,tq2\7r/Y,41161.0
leTbZ8Nbt,66340.0,jiBrj31sQx,40773.0,tx3ZDhF4a,58414.0,jHt7EHFSY,,ri/51HZvl,73308.0
lgLRwTS4N,92589.0,M27td15IS,10052.0,09Zo4llpN5,5126.0,\TRJq87H,19922.0,cOQmxPoZEN,27140.0
lm93ni\dk,28809.0,tgUyFirH,15466.0,GB7gJj,95365.0,DFL0MrAKD,62867.0,3zHA\LCGDi,49613.0
lprUj0axI,59045.0,\afN1Al2R,12776.0,wHXSEo77,57823.0,yUG1l0pmRv,42281.0,pvbGvSHQP/,34763.0
lrTfL5qfY,48804.0,Lxt/k4bk7,72628.0,gUKtpg\R,45990.0,eejm t6y,22627.0,uqJGkZOdiy,32599.0
lxCWXjB60,11803.0,A7Fpb97Ik,,YOJTCt2u0q,70965.0,pMlxNbxo8,88685.0,Ou4OYLVPn,61333.0
m0 t20EzV,63575.0,uydFF2ALfN,64987.0,xA3hnW\VfE,7199.0,C5yMto09I9,38106.0,QDBM49Bb1t,
m7fGQa\nM\,69924.0,U4t\LrFA,49192.0,9C\U1qNQy3,70508.0,O9wN1V0NN,37018.0,mni lGcgv,80775.0
m7hBkkt,39574.0,PzF7x,12913.0,XUXYHm3v/,22893.0,rN/iDpm01,84359.0,cEeUGBT7Pj,81689.0
m9SSoju,88159.0,ZmNrnYgJdJ,95053.0,OIAyoJACl,74105.0,KQyyGJy,30728.0,3MI7el,2666.0
m9bJkG8G,40243.0,1p OBIQ,55896.0,jfhUph80,76888.0,i\orK2f,14881.0,M2Jd37vd,73235.0
mDMPwdTpQM,,sRALPu xQ,40936.0,BcPivHx,87111.0,4mbOv J6s,47419.0,pt8NYC2m,62980.0
mUrs3gMaTD,34515.0,OPBvC 8I,65428.0,QSs5ylQn,28056.0,d4o64wXs,49234.0,cPcz9YRr,49676.0
mXSF9sKdlH,24460.0,P\Govw5ekt,29525.0,UZao04Z14W,25675.0,wsurBLo,59420.0,\fGFxYnBc,89864.0
mXXZF8m3ZY,68539.0,YpNhGxTC,36419.0,xAY28ELz k,36919.0,iT3clyS6YL,,kui/g2hF,13513.0
mZGSiX,65980.0,QL1CYCP5G,47734.0,J/A\ueV,,\RuymthjJk,87866.0,QvFlNAhXaB,44395.0
m\heX7hjO,83446.0,e k0N2YgD,22731.0, NMeSMV,40379.0,V4S98IC,4183.0,hTjz\6OPTd,82597.0
mblkhDP3 ,64814.0,gv6CjRN9jK,15953.0,PlAWqKkn,,PrCLZjiYC7,19020.0,6HRpMQn\w,23505.0
mi6Qa26AoL,4627.0,E8u9m5wHic,58495.0,BqUwZSDp,45257.0,xrbL/Bq,90605.0,C3YR3TkF,78094.0
miawKuHG,,NG9AJKG0N,13254.0,XV jOYLmM,93721.0,VikQvwkFU,20470.0,jPpk3joYEk,1759.0
mmBTwvy,19041.0,O0qorrIhP8,,Xk\J\QAHC,99211.0,AqC6\aX,29268.0,kJv2O88dc,59070.0
mrsvrqjP,27476.0,iGEExlpk3,4876.0,M8wv56Hr1s,,P3b0h/wjPt,20352.0,TJ/SJA2,
mt7XnssdB,21318.0,3ZZeLH7T,34194.0,d9Oxgv1,60793.0,C90UTcHrbp,,iSDS5L/INB,93996.0
mwP59QubB\,55902.0,jJTbWEN9E,1385.0,2ly1XvPWI,16233.0,N6XeczCqxI,51536.0,k6JI094,20951.0
mxQfDK2O1m,27713.0,tY7HWVWE,39591.0,12enSq7xT,76856.0,6k8 k/Nh5,83282.0,0BKJ7yu,25424.0
n1tlw\w En,71984.0,LLzFT,14525.0,8\MKTEl2W,80456.0,m1AFzrpT/F,81657.0,iuQpLNNXq,43273.0
n2zKFWt3lD,91312.0,zB2CJ/R/,76777.0,8N\YMeagv,77592.0,jgwKSPT,37617.0,oJa37ohYJK,20633.0
n45JR/y9,22438.0,T c2 Rlsk,9791.0,v6VKm6Wg,28724.0,b/y2wLEb6,56764.0,L2vgqUa1,15540.0
n5 9VReK,27487.0,zD4gPVs11D,30431.0,SGFrdio7cT,73869.0,KpLr1L6QZ,12033.0,g8grb Puk,70998.0
n6aYy4IOw,37934.0,xmduX1CY,54135.0,K6qwIDlX,94636.0,6e7R/\du,63782.0,M3YEOc7M,27229.0
n8ta65qfrl,65315.0,dtv8AY34,14909.0,xWq5t6,96718.0,D129POsknG,20844.0,Y6j/Cq 0,8446.0
nJ2kXf3w,26045.0,oxsjlTkk,15189.0,h7NzgeKWuo,5784.0,Oj44CVx5mx,79055.0,0vj79kvK,84743.0
nMh/DTQI/,40349.0,mgf FIJ09,46574.0,TqNmFqb,,VoHixJsWWN,67008.0,tvtNHxs,28687.0
nQODKLRZ1,37343.0,LV\uuyD,41978.0,8NYW62QX,56740.0,I7feTUuCBh,70718.0,QNuZmZ/w,13244.0
nQm1wua5,97487.0,S2pEuN8LKG,561.0,R1KPXj4,44492.0,oIbFxsMAv,56865.0,Uu2nwA,
nRd\sXMeEG,9646.0,ujIz8 Ixu,44748.0,fSWmVcOY,20176.0,0s0nD5t,27486.0,r/X9/Gw0G,25310.0
nSfg 5os,2331.0,/vdgan/LSW,,cdT6kNo,41713.0,bzY24rAojH,14345.0,YFfso0Js\,10101.0
nSgdl27lf,8878.0,RdbO\YwZgM,98528.0,wc51gMbF1,37986.0,kBg1X A,50449.0,GzbAMTsRG,
nT0z\\D/Y,47020.0,2MYMbNjV5,68004.0,0jLe7gpICU,75318.0,EFaNEENJO,34711.0,bn4zl3ESS,68346.0
njv1rc82,,kL24TIR,36255.0,9PHlvgbJNa,97962.0,xw2Hkat2iR,58691.0,eLDmMaLmI/,
ntW6b/MO3,95640.0,dnf9d o7d1,65045.0,v\/HklZVm,66095.0,nxclV1g,20369.0,w\\UeUD,53564.0
ntj\YzxAKT,21275.0,fOLySEWNzN,90133.0,iOY/2/e4MX,11365.0,rUx1RanZH,98814.0,M6ZAuLBAr8,20907.0
o7QQrkMW,,ci67UCXS,43457.0,aeGOeLnIq,77078.0,F053DNAc2,50517.0,qYEPAotbjV,66612.0
oAYYhP4F9,92234.0,rbcafJnK,33238.0,Tpd\4igW ,16373.0,EqlVeMYkm,26912.0,5c7Yksc\u\,
oJ6ZPEXB,38422.0,dpLbqBhiH,71571.0,TEj26SSnz,19468.0,5kV\QXpM3J,4091.0,cF8iKdu2P,73222.0
oNapLpx4p,21263.0,RdyZ7pSs,64366.0,Qhl/2Dwj/O,81435.0,/kP/mtmZ97,8010.0,\wCbsgkE3,50789.0
oRpOHl2b,43291.0,L\1EAXeZ,15642.0,mQbD ZeYzM,68284.0,fMzzb2kl1,39497.0,ALR0Y0mD,85402.0
oZkVA6Cp,47649.0,lzUBRTbNk1,60273.0,9zczjX\O,23269.0,A0jArnuCg,53447.0,ui6Wbwlh5b,81267.0
oZwBRVCD,,QPk9i44Mwb,38111.0,VJaLv\t,52877.0,kViVm002IE,97701.0,3ywVT7hkZ,13188.0
on/8nVw,86048.0,eZOa3YgSHz,50086.0,a7YolTyFRl,32214.0,JxqDvSbKt,2441.0,ChAqGpHhN,69631.0
onX2nSx,65198.0,1AS\DOS,87586.0,F/jOe562G,11205.0,9fgMYG7zjM,167.0,95nk37ZK,46270.0
opFpgYfNyW,82828.0, dlUIEFpy,75285.0,JNB9qSbZ,37753.0,97W7tFECP,,b/j83mn,20262.0
opj5Sq3T4,35740.0,1sA/PjOPiN,91030.0,M8Ry3eBph,93272.0,ghOcFRV8i,,wm9UMmrw/3,41914.0
oy6jSoD,73953.0,NojgK3GcV,,0fqzb/xn1f,70158.0,\l t3ooL,,FzhzQt41d,46923.0
ozVQqQxRHH,93860.0,IqXenBuP7,66520.0,1qaIfEn,68060.0,CS34YYIhVm,77025.0,NiL\4Puik,51905.0
p/pKpjs6AE,6612.0,gndFjSgL,17483.0,3BheGnghM9,67889.0,Z6EGshiQf ,72018.0,Njl85bfi,55358.0
p0EUBQ\r\,4041.0,oGTDaSm1F,5078.0,\RqwiFw/,32019.0,VwgrsJ96,58298.0,w/PpnylvtT,16819.0
p2c0Fp2Z50,86056.0,D\ijMY3ay,71785.0,/tHzP uRzj,,/2Da9Ou6J,345.0,d\0GZavGB,53194.0
p3PX1AvJ,14339.0,JTwtRX69Y,31536.0,cdNVUTefL,26731.0,nNzVzzjva,81731.0,P1ZYFpw,76159.0
p4tqtn\2 ,79401.0,h2Q7c0uE,47689.0,fArYIKiQpm,35232.0,l1exn\rj,76713.0,8uysbvPU5Q,74165.0
p5x8EWwTgf,76313.0,HbeOFOzvX,40957.0,dr svQO\,69915.0,FfEQzA5P0,83452.0,VwyvqVN9,56031.0
p9xn8VpV,33328.0,o1pwD92CY ,97806.0,gSSSoleibW,33791.0,WAx4Bs/N,57437.0,oI7qhfW,26449.0
pA62la,20302.0,jZKmwKJqw6,77150.0,uoh1jEsR,10045.0,4OFY\9iRiz,91484.0,GOjapKAEeD,1595.0
pCeIRMHBR,21782.0,Dg4X9j/dmN,32166.0,4q0myuB9,42198.0,tw5Lb1Bn,23279.0, C0J\foUJ,12367.0
pHbNOuV9,87592.0,Mw0PuZ9l7,63744.0,oEiWlVNff,85330.0,kE1TucmR,52178.0,tlNXi5Gl,37571.0
pKSw5umYzc,80720.0,U0jo/Hk9Ya,9710.0,gNsrxZOjeV,83908.0,0GsySIYvU6,,TC FB4n1Gq,57609.0
pQ9Yz0/c,58939.0,9UmTMTLl,18983.0,953yWOks\v,,8bg00GYJf,88815.0,zc5nVeWtTI,64070.0
pQKABV4qaK,8731.0,O7U5eTaA,57643.0, x85hHs2Gl,38526.0,DycMR0q,30087.0,JVIRuzfv,11807.0
pculAimm7,24818.0,8I6tKBx,64957.0,jW98C/QPY,5223.0,Yn8Ao9ESN,15173.0,tvNXObp4l,60430.0
pgmeK747,34257.0,L5Bm4c ,34763.0,nEabKnIRK,62466.0,oikhraB2zu,8993.0,\Wm6Z6ViDS,29027.0
poc9m1,77507.0,da52JP4bT,56901.0,eQ9G85RH,69022.0,QtAteoV8,26863.0,ZEPTKhohNV,65864.0
ps8nE oqv,94015.0,rUT7ENc,87470.0,1Mjz5in/,,CHTomfi0,98360.0,1I3/lT8MG,95683.0
pxISFLUbJ,36015.0,xgxBpWUVQ,95616.0,qBHqKXjdS,64960.0,oyAHiMxNhA,27908.0,wkiee3Ffj,27077.0
pzhG2yex,82374.0,pHMuHdhV28,,eW MnZ0q,25075.0,EoO51h2a8,96396.0, U6toBwOI,49442.0
q0UpRUkVZ0,10882.0,uB0kthH4,48683.0,y\QhlQooyO,88109.0,92EMOHuq,34233.0,fwVFSgRXD,21081.0
q14\MIfG,23669.0,9/Bbzd4INd,58388.0,WebZP5sya,87357.0,Tn8FiWFx2,85619.0,yk4irKa,8574.0
q3cgWMPk,35575.0,QEw7ceNfe,62379.0,9qO k\gMt,20077.0,/95I3fZcC,77481.0,/ok oitZ,84720.0
q6q5XsTnt,58187.0,1xA0a\8V,47235.0,4O\hqW6ih,43618.0,Hb0za2w6f,27313.0,D1InVrTA3A,83884.0
q6xeQ3Cr,99315.0,U/1iu3bjl,54681.0,W3Z7LHkr85,,9auirfE63,2161.0,TOTqqMdr,42035.0
q8Yntlu1,69260.0,i46/WwjxN,25817.0,uL2ovtmNon,20777.0,Zi9lu0 T\,99677.0,9GvMdqvJ,39104.0
qAi4rSBMU,21982.0,k268fZipY0,,6zupuvrqz,91306.0,gGogjKN/RQ,68376.0,Dstqoy,23000.0
qLpWa/Ug,,lUVVHm5n,30750.0,RQNlHO7\0,22699.0,EYXzm0E1,47293.0,Rb MXvg n,31107.0
qTFmpshhXo,13994.0, yuDxlD I,3930.0,msORXjs7nQ,56256.0,/D7rRfjGef,30794.0,QN/nL9XYf,37019.0
qg/K5bx9W,58007.0,jev8deP0T1,50635.0,YovuS7mXO,69989.0,sIRNpwMHA,92363.0,bYxjZx2W,
qjBA6kJIb,31467.0,iODeURM5kx,98438.0,AX7ggNBJ,85104.0,Xg0NVPd,62705.0,fY0867iGZ2,15047.0
ql9PIH4Tp,89695.0,3F\DW zm8,,BQeGESMU,32279.0,JK7aL2T,2145.0,3Mws0mc,
qxGN4Uebea,22194.0,Lsutn5bzC,67964.0,45vqgv/RL4,18105.0,oTS0YFQf3,2108.0,Y /l0ck4zC,
qxlHJJx9t,28757.0,TPw 1O76O,44222.0,mdyWgwh,88096.0,0f0Um24\,86641.0,rMd\vPy,
qyRGaxJSvJ,26976.0,lTp8 \WAk,61421.0,7a0qpSYvHF,2310.0,cVDPBGDmt,56074.0,Ta29ysfFI,60494.0
r4MZZik1,64078.0,ZVSbEJYlR,59593.0,118H13gILM,8945.0,xO1MbR8E7,27158.0,S\SSTXqP,6855.0
rBqTsJWzB,70100.0,Ic6PGBaL,64435.0,8fUCFpNl,73995.0,X\w3zo W,8863.0,3f/WJhX,30874.0
rDKMd8s,87877.0,FaMqJwidY,36703.0,5LuhS ykq,31723.0,Y0j\E7Xl0,17991.0,JMwws9S,77874.0
rGgK81 8,22281.0,qpQiamSaL,84275.0,9krittb,,nvQseeHKEz,17142.0,kr4GGMBX,87420.0
rIMDTlSa,29351.0,Tkjma/XV0,71152.0,hnohVdkLm,41869.0,ft xbwCT,35894.0,2NBHfxd1,
rLihz2y6m,3108.0,E0zwiEa7m,42058.0,\vQE4L\Ycp,,STXkz5HjF,88540.0,/5oXKxI/ps,56026.0
rQRRJp6c,83572.0,LDNs Cw52,96916.0,33ZG8quoO,17363.0,UAMZsZFzZ,53584.0,fc80Fvy9,87373.0
rRhFJamBbE,70427.0,Tegehu6HU,85837.0,hm76exc t,55727.0,w7EbEIbay,,4rj8o9Okh,34462.0
rSWLcxN,25041.0,CLd0AGeZ1,74847.0,ipg46r\j,67892.0,QGp\x60c,64067.0,vyIqzAMdXL,55335.0
rV HqUF7,4457.0,5RQ790ud2,74998.0,D2lAShw15J,56355.0,PIovwAo,21907.0,RwfM N,77859.0
rVYc6L8Oa,81043.0,2eDex,13764.0,w68Gr5jdX,24223.0,Hpd oHTh,97011.0,L5VoA7N/3,39149.0
ra6JJcBD,60861.0,gG1bA1W,59469.0,bXR/Jjclb,28823.0,TLaVIvP0r,24482.0,uJjNOIgDW,58859.0
rqB1lAau,35536.0,hchLbb7wyb,41535.0,LXbE8wpm8,52713.0,NXwuCWGgPq,37238.0,3YsOGu\CU,3626.0
rrh/lb3CFM,70965.0,WUBKAvI,42369.0,wd0BoCVR,86949.0,xOihgAN,30371.0,CXIrvgDF0,15801.0
rsAuviiA,89237.0,yTYX8pHUYL,88550.0,C\lurWr,23701.0,x6q/mcS,42295.0,gqZN8M5\3,78713.0
rvxRA9DTOV,49551.0,5UZQpRcdw6,88093.0,rjhI3MboJ8,53811.0,Kx6Am3vq,60023.0,65EU 8DX4a,70102.0
ryawu9G/ea,13921.0,9y2nlZAET,23634.0,Mf93MI9w,82129.0,FKPQrftrt,,6icxi8jHz,93602.0
s/\xo2rB,55926.0,DTKTGdsG/i,93939.0,WNfvryK,71035.0,oNsNgW07k,98737.0,NCWdNcIo2,87425.0
s5vIKlzN,27984.0,4gyOFD0k,5599.0,mo8MKW2 T,57083.0,t/gHTN/xV,9982.0,pb4\Oes1lz,71785.0
sDB/s0kOjG,30878.0,VOecHWGo,41654.0,78wDTEs,20065.0,D1avnC730V,39266.0,nhFPoCuv,7124.0
sFwlubqojQ,99246.0,wnbp IgkYn,57596.0,Pmhmhi,40159.0,YPEXa8JSK,92047.0,d7CQDnxRIg,88540.0
sIR9LMipx,92972.0,Z0lfRCewC,41003.0,oRKmaaN,50751.0,8N4uJ00Cm,98724.0,4J9bUF1\z,85865.0
sXn0OV86YB,73344.0,\i pkPh,3480.0,OkKbG0g ,,GlC3mhT5,60669.0,6gsSUbPq9,43338.0
saaNxsfHNT,54483.0,TK\b9HCjb,34471.0,OPN2sSP,62866.0,XYcFiPWNr,63811.0,BqfQpj93Y,86206.0
sd64orVU,58962.0,Ca/g0Owi,62016.0,jaBJkcyDrR,45620.0,sXrP5eMsBM,66490.0,oYnbuC\v8H,36612.0
sjuwfq iZ8,,IoiJDLF,87714.0,W1aJh5 b,93291.0,gWKjRBDt,64324.0,tlTt ikEbn,32577.0
sn8drgL,69246.0,HDkHoyK5Mh,82844.0,j3wkm99m\,3401.0,NcVboaE,87313.0,clx8STc,73251.0
spzl8AKhU,11550.0,nlV2QbMdAd,27184.0,ZYvtidTat,23695.0,IouoG1tQie,94159.0,TrVXBpX/v,75483.0
stzUzNiYH,66395.0,JV53C5zmn,71986.0,IHTZGUCO8,38612.0,3M9gbrvxi,34199.0,7R41jnSmK\,82339.0
syVEutFvgH,81468.0,tGrPYJ,57420.0,ez1OBJSX,,W7a8AV9Puq,23476.0,c6irjmGXYW,54162.0
t/IVXCxq,70020.0,2a8/s0t,49331.0,kj5GNSyF,96684.0,XrNzH\Fg,54873.0,9fZSV5B,80262.0
t4O/o p15,5541.0,O1XdF6xuFf,50339.0,HqHwSdzm16,,PoiJvVpfv,35963.0,Bb9LL98igV,56659.0
t7RvfWY2U,,812YKzGS5,72418.0,8XuGrsdqP,20623.0,qNRi5hoJ,82233.0,HbS3HM3l,50223.0
t9j1VG,52742.0,RMp6qnA,50888.0,8nmlOfPSm,55464.0,kqRpnWn9l,65843.0,ybeSnmxSM,97496.0
tAxd2xNAbo,11928.0,dWFFmVR3,9522.0,\9geU\lh,,XxK4YHE54,4601.0,oo3CK6te\,7312.0
tDknXx r4C,18803.0,mzyXF7p\Y,76755.0,EXmaIQka8,,auI\xaQYMu,1603.0,9MGSxwwV,98880.0
tEecUiV,23507.0,rNgP\Meq,94886.0,EIKiuj3in,69084.0,TvWgP1tH4,,7v8k\rdfKC,46232.0
tLzJGPJzEW,49244.0,XcePtgTnR,52909.0,hFFaHnyRlk,,W 0WfmKa,44490.0,WmE8s1Rypp,15391.0
tMUyQJjAKF,90782.0,LPTHMeBv,21592.0,RxKqqZhKA,72222.0,2xKWYHu9h,39437.0,YFs/j5\M0y,
tTVN5OTEJ,54608.0,2jY\7OCa,37767.0,Ht3yDec,99401.0,10mmcEfuUS,85295.0,TX Ld0HT1,49308.0
t\N2Sou6,67261.0,CTRQyvNn,,7yZ7Q4pj,15238.0,PVGcW\atY,3587.0,CCx5zNdT,43743.0
tiApCOiPdm,48824.0,2xyhE,61465.0,foRE2ZOxhv,72871.0,YNUv98H3J,56444.0,C1Nrf/5Lj,67720.0
ts\h7\0a8C,9125.0,LGUib3HUE,78271.0,AAqXBwA9D,54267.0,TFHqft2,73333.0,jDxYHTHS7,37231.0
twB0byT4,79455.0,3ucYCvOLAS,,nyLRB7LMey,51824.0,E7CFOFqd,38577.0,K9lJovHF0,1872.0
u5gZ/993r,70729.0,U41/vnTPy,93671.0,\a7QLLkQO,85778.0,S86D\vuX0,76779.0,prs1gi3Hw,80411.0
u7lpVbNluR,68138.0,bGjSqqef,39037.0,dCEXhBSA,42294.0,7\ua3hzU,89952.0,IKKDqxi\,77909.0
u8NnuS\M,50113.0,2TvTgIkV,74590.0,/Q/fYIe,9152.0,CwPHyB,10636.0,nMeDn0lLA,20601.0
uACzoO30c,84480.0,7NEzBheZoK,25036.0,kZlmQv 4y,,EMH1iYaem,94760.0,F1XUSHbYn,53294.0
uOhgL0DuLW,12554.0,pCmUd7do6,1553.0,hZ1iTSyys,92704.0,cwUNC82Vp,3422.0,71XekfGp1,75421.0
uUwbRmNHS,71953.0,hjkZDC4,66588.0,t8vItYV4a,95938.0,LF9Bx1qhB,64119.0,Ke5J9Cy ,
ua3 E2U2O,77975.0,enCrzDZko,86944.0,N9czDKw0J,86977.0,0WYosqMrdd,32095.0,B12fVH,85465.0
uaOJs31,23155.0,uTjVJCea,51293.0,AWzMCGccF8,93962.0,QPsURVq/,99991.0,G0I4n7J,59006.0
v8LZoBifKN,81969.0,055 Ii0N,14960.0,bq6oLjP7G8,5559.0,7KQXQS KwZ,58357.0,a2ihsUah,52794.0
vA74v7nk,66557.0,LlePSk,55750.0,3aNn 6dTp,87815.0,A\2CpV0as,76474.0,Q5cYxJ,29444.0
vBXHSwbTd,30178.0,u9ZknIRbt,,bWUQtzcD2i,51974.0,q1RKklMPu2,280.0,rdEiw6ZuJz,9429.0
vFsCT1occ,51294.0,626RjXVz,91243.0,br7AX/CNm,,nGIWfa\XP,76809.0,MV3YMtg U,30771.0
vJZNfHM,5409.0,DjFgcmZ3MK,34235.0,x9ehWke,,CXu/LnCbbn,,OSeW0690F,97859.0
vJu4zHZE9,46534.0,wxPBkbh2b,65918.0,sLHPeEdb,24246.0,r7xE21N5O,36273.0,so\Jwf  B,90184.0
vOncXE0BzZ,98754.0,vQUdwebF,20262.0,Ht9veux,65585.0,Cwqsfawxm,25523.0,3fiRPSXs6,33764.0
vVe0Ey7PG,90012.0,L4ENFhEKv1,59163.0,QGy7hNY4I,21207.0,LXtIqlIx,6518.0,iBJ05h,86281.0
vYwNZCdLPY,91942.0,tuwjHnLL,31682.0,ouTA/OdO,97571.0,XPtsN2i/,32120.0,XK0/7EJ,93048.0
vYxRA\NR,89873.0,T4O4lcAx,22041.0,NWdVlCVoM,2600.0,LeJM2flJ0E,5184.0,GkdiLDBD,
v\N6YTNeO,22669.0,nw1mSrCag,8611.0,wVJzrfbW,27410.0,b122iQYM,19195.0,l2PzeBXhF,29553.0
vdVYIjf,44029.0,x5uP\9,18796.0,/PL7dKYYp9,84630.0,uHrAVMNZz,40911.0,HjVYnjcnO,6191.0
vdsxj2sp6,,EIoWBHS1tx,51840.0,Ffi5Y 4Tq,73473.0,tW0a7h6T4,,lnlozqFj7,53306.0
vlrFyZ Pt,93093.0,XhWGp1ZMd,7860.0,V Gfbds2,62718.0,lR/oCtoz,18505.0,kQPG/sAk,82442.0
vp2D3KAZ8J,91258.0,N9kfztYIZB,72022.0,Rcy9FtiL,,\ZyEmA8jl,95117.0,3aaJwOr9UD,75224.0
vvKvo/MqC,9234.0,nlodnSp2qJ,17957.0,oRbGMg9nWb,46438.0,kWpe/J3L\w,45600.0,YUasGiSZb,85052.0
w0dkV Q,68891.0,PfQPy 3p8,23203.0,QSNyoYJJl,, ZVIh3R2B,7082.0,WEkY7XOjJ,41901.0
w1XTjJt6s,83672.0,rdhYpwb3,90143.0,rgIgG24Yq,95503.0,j\fGp9ew,,hb5/DnKKu,3316.0
wGkAhdpCN,38233.0,FU6tF3p8,89066.0,xsT7nn/dep,58219.0,Mt1QqGF4l,73412.0,tQ4bgIOpx,13942.0
wGzin1yOMU,41004.0,5swPfyp6,47540.0,e 5wQ/w2,92617.0,6BzIVIkcME,32707.0,elcYpEwR,13487.0
wIxOZ6wtm,34979.0,xPSEq0Y,10286.0,osW6mrxd6,72148.0,P3U4JsCo,50813.0,ZojVZAQ,52092.0
wKGW1qdR,56635.0,m/I3cDtM,34604.0,RnitUIuml,38022.0,eCBMiufy,,YngLPf3Nr3,5398.0
wLunr ,26051.0,3AhSVA2yHn,99744.0,r991Zi\mU,86722.0,IDKiEc,47590.0,iojUuhAQS,44679.0
wMMZ3XP7,99872.0,9TLEGqd2c,43388.0,GV9qHNTFT,10338.0,dx5rWoubSY,29108.0,jYDbbaPH,45508.0
wUgKy0Xcx,55627.0,SKzxHUSua,22726.0,vgfHJaoU,91054.0,jo1Fm3,3381.0,\kvrY/lDA,85936.0
wWwrwpqKMy,92786.0,1vTQEnVag,57692.0,Cti/8Et,30192.0,5N79mDru \,12094.0,jidqb/c02K,11520.0
wZ7vvO\,,CFwMxN4u,,3s BIq O,22445.0,YeYiD8vq,72344.0,YK96SrhY\,37101.0
wcpYRCHg3o,74006.0,G7gasBo,19699.0,HyvuYVEX,47805.0,Wu2TxYe,43800.0,iuL0w51F5D,54410.0
wj Q0dfqA,30409.0,mzRkuqqCl,71361.0,tRUK2sIMg,12737.0,lBj1rITl,12973.0,bTyrBBGy,34675.0
wjdIR74x3,11592.0,Kma\1N0,46123.0,L5jRUo NO,,9SSRyr47GD,45269.0,s h2cc7HL,64062.0
wkvlqapq,92442.0,BUwHZawP9,1633.0,z2tEyRbap,84882.0,8I9oirQrf4,44354.0,pLv7X4a0Wx,29346.0
wkvq9N1Ny,19154.0, BX0DTdQ,72401.0,HxrVO/xi,98260.0,oWz4jk6mv,15913.0,YM Nu3yRjP,76167.0
woWwkeHw,29148.0,t5jeelyg2,41390.0,xL879mKR2,98679.0,UHe\9AZT,97275.0,B\SRIKSH7Y,82462.0
wxkkJPav,54824.0,o dtabXf,,qxOP07\s,60604.0,uae17\YD,68651.0, SpTMt6B,
x/smlZgi,6436.0,Ar/0z BhSl,,7wZFW5wb,76289.0,b0\cQ7V2c,78404.0,dUVWaW3z,81485.0
x5C1RXkFj,86513.0,OwLNJn,1821.0,G3RlqZm ,92689.0,WjMGE oa9,,cish/qEC,21573.0
x8lyI8qNv,58496.0,eQ7EsXeFv6,77212.0,v2RPsqnad,59925.0,ggiLVEsJr,71488.0,QEz4Dkp/,39684.0
xCEdu/B81y,88722.0,yWA6YnnKSl,,F9RCTwpB,28999.0,UYlwHEJO7,66040.0,NuV1CEW6P,
xDhsa\yen,93200.0,Ovb9 HDf ,14830.0,WqiPhTT3Xn,85111.0,AWO 3VhyG,4393.0,qQNfbsu,84520.0
xG78tOpS,48171.0,aGT11rxa4,89335.0,eQdC24rW,11811.0,O4cLopUO,73014.0,qLLqxjF25,86088.0
xJem4myS,30648.0,lI8FF5jQn,92502.0,ybWbDq\w,20785.0,IWjQSVRAkB,77156.0,e3s0APvSzu,59579.0
xK VLxI3Ed,67025.0,TC4OpcI d,,hN0EkY94,33716.0,LAmEKMm3R,1340.0,mLygjbC9,58412.0
xWohvwALZM,27597.0,r\TjFCgmw,97201.0,WAY1Yvc\,48991.0,v3MHH5vBC,44759.0,burFiu4Gv/,15795.0
xXVar/9k,41510.0,zVOP74ogw,99882.0,u16baHZCI,78855.0,XpiHi9,10008.0,dGCHgg2x,45130.0
xaYcBFRvt,72004.0,S3SYVrwpo,52571.0,EdCk0Vn/f,69877.0,5sxaIwVIe,41560.0,VTmtC7kde,11525.0
xbCJC09H2,62127.0,ZSdORb3,39201.0,2ljxZibRg,26184.0,tm2cRwFc,35055.0,lqGaKBk2 ,61831.0
xcmxi0htVA,,X3F56IN,46232.0,Y4cBNWXhKE,64572.0,h6wgCI8,,t7keJH/FJy,1496.0
xfceyJGF0u,34353.0,4h6Y99p,59937.0,eDpdEZhHmu,37846.0,rGbsrlZ41D,98795.0,UPFiCZtXH3,9848.0
xi4kofeZ 5,35298.0,TGgdPqkyf,53018.0,91eWg1\n,13354.0,VHy0HwmxD,29769.0,k9dUc6961,61240.0
xilNus wV,81014.0,NW0D/LLYX,85641.0,XTh879H,56886.0,R5VuZBBrta,63977.0,Km5Efgu5TL,45585.0
xpD8ADSvf,61914.0,lc/O\srH\,,\dx2QAV6K,83326.0,O0f x9Xq1,73899.0, d4s0eDFf,60187.0
y0 q4ps/a,59705.0,c/3GGKPUto,40151.0,lcfkxiUO9,62168.0, 1y2te1l,35636.0,NUE4r6Xy,93041.0
y39Z7e3,6258.0,SHTu\DFyF,60736.0,sJ8BEgsm3U,95051.0,bLx9T/Uo,31914.0,eEPITLMh,85643.0
yJs20hJj8,,PCcZjeN/b,32166.0,SLFhvvcG,88471.0,flD9Pu 3nF,46313.0,u3WsJwQuR,48158.0
yM9dLS5MOd,58630.0,9GUUtMRDb,51801.0,KLIQ2D1T,82329.0,oijAgWod/,45496.0,DY f8E8\R,13259.0
yUdkJ\HdI,32802.0,pKRx3Sm4EV,95559.0,e8FyGKuc9,32692.0,e2SpMDMk5,41335.0,CfNgOIK2B,74592.0
yWzrqEIKfa,91142.0,FnL3mLt7OO,33418.0,fZ34SEEY,31653.0,Jqo5huQrmJ,24319.0,ci1lr5Tw0,63878.0
ygCjTpawv,94192.0,2VIE0W1kl,24680.0,8Ohjds kD\,7657.0,iCQuyCFlwL,15754.0,KFEFhy5ZK,6894.0
yhZDFL7Ua,35867.0,cA8ZHhrMd3,47390.0,g 6ps0wX3,21700.0,xa9txb0q,11397.0,wyWYjSHYu,66107.0
ymqa0a\rp,5333.0,sfg4UEGk,76908.0,S0FUHxSHJ,71516.0,ab5nHB/kW,55985.0,CbuSSJJ08O,81766.0
yrO4zhPF,79219.0,0U0Y5Od,97366.0,GTXbQfCVZl,38190.0,q4ffWhG65d,81729.0,QtfItLDGL,1625.0
yuzQ\N5JQ,,VgOh8pOm,17442.0,1Vfwaa4Il,98471.0,495c4HIUF,89702.0,Tev1Lgl,23097.0
yv8vbB0siC,,hQmPyjp,57195.0,RpxapfwNl,,mwPq6xzP,43360.0,ZVnuNm/D3,
yvbAvR4vg,8250.0,C\4zwIzeSS,58077.0,2oLFILFYTK,35518.0,Zcq17Q\9lL,68888.0,P dAEl3S9F,88606.0
z/9LGtGpy,81836.0,N82bvruz,5591.0,i2lrxZO0k6,13069.0,RyO54vjU,77434.0,Erub\pS,60399.0
z2pgDLiOjw,69043.0,A8P/8PO3,7692.0,ExSBFVAxSg,,ItoWKrxC,72151.0,TXxUkWyN,81093.0
z6Y3NaxJQ,27959.0,p5DzLZLvsE,77308.0,YpEr/GJE u,96401.0,OGmDqXoG,64545.0,BfEaVckX,69567.0
z6b\S5Uby,34764.0,JcOFR0chM,32749.0,Oo5sGoGWo,97560.0,QJMm5npY,1067.0,3vQ4cF7I,96958.0
z7KF5Q5NVe,56315.0,TWmmMdSg,45225.0,tS5k6 6bf,9210.0,QYiWvvW9C0,67175.0,V2MTj7\ ,7761.0
z80PYDfvkc,,PqC\l3Z,99484.0,ar5zpRaxb5,20536.0,I6/mLm,38792.0,vbb00\5B,
zCs4JtnkKF,,VSPvvQELre,70363.0,bXoRMJ7,58156.0,PHFJzAuTV,92344.0,z1bVD Td9A,71389.0
zEnLE6EEX,42471.0,XgnpF\Is,99156.0,kV8oA Ui0w,59909.0,v6b7VMD,14908.0,PVtC7gcf,91730.0
zHEkOa0Mo,4233.0,9\rtjWbJi,18857.0,VSxc7XJVO,51748.0,bKNj1zGbR,7105.0,3KQS7v Hb,66887.0
zINZd03Clw,9704.0,BcisblrTpU,,\TujQUBIVS,,vkWK9yLL,74248.0,xWlWA7ZImI,59781.0
zM6WPPAp,9934.0,cay\IA3BQs,84013.0,siry GAgiP,79869.0,w h4SPcrmU,31052.0,LMAamaCc,27035.0
zTYIAneZh,47691.0,ziyFbFcP,37607.0,gASkIwEJ,38738.0,2hyLrMn4q,58226.0,TAwQW0 Ma,58845.0
zYMKTaAy0,,LbVhCVLzJ,7555.0,tr3l8fkbn,18516.0,WAnrgeasP8,9801.0,8otk9Ysl/,
z\5dKOLJw,56055.0,hkCXIlE,51873.0,o\ wxiWwp,19558.0,uo3hNv\j8G,36454.0,Eb/14iklH,17382.0
zc0DAhDM,21537.0,uL0A3HQ5C,90375.0,m17Qwn\F,70079.0,e7Eh/O4cZ,,Ki/xzmhc,82053.0
zf8INsjk,238.0,sKQhhr4v,86239.0,G4zBInnp,,V9DEIJAP,48822.0,VSe2X4AeK,
zkFGx5mrO,60917.0,KYKsY3yK,55706.0,YQytkXS6,92303.0,DmQm9rSqmO,50122.0,9naZCmD,619.0
zl3xqgxO,75929.0,XvzRA3v,97941.0,r3KfqDmpB\,16661.0,Af55VM,69071.0,YPSIv79SW,16407.0
zsmkYxchVZ,19759.0,oFxGjEKBb,10489.0,JIBV0jeH,50982.0,hkRtsl/g,62432.0,2or8QxrG,34778.0
zwwNlBh4w,,cq9MFa1M,79735.0,IjQXYvB,60605.0,V2IfKc9D,63915.0,yiAQhNALO\,51084.0
